sku,Sales_Price
PO-135G-A2-50-40-4,27.45
PO-135G-A2-100-40-4,28.45
PO-135G-A2-50-40-1,39.95
PO-135G-A2-100-40-1,40.45
PO-135G-A3-50-40-4,22.95
PO-135G-A2-50-40-2,33.95
PO-135G-A3-100-40-4,32.45
PO-135G-A3-50-40-1,35.95
PO-135G-A3-100-40-1,48.45
PO-135G-A2-250-40-4,52.95
PO-135G-A1-50-40-4,76.95
PO-135G-A1-100-40-4,71.95
PO-135G-A2-100-40-2,34.45
PO-135G-A2-250-40-1,93.95
PO-135G-A3-250-40-4,34.45
PO-135G-A1-100-40-2,79.95
PO-135G-A1-50-40-2,77.95
PO-135G-A1-250-40-4,81.95
PO-135G-A3-50-40-2,29.45
PO-135G-A2-500-40-4,69.95
PO-135G-A2-200-40-4,49.95
PO-135G-A2-150-40-4,39.45
PO-135G-A2-250-40-2,54.95
PO-135G-A3-100-40-2,31.95
PO-135G-A0-100-40-4,169.95
PO-135G-A2-25-40-4,23.45
PO-135G-A0-100-40-1,184.95
PO-135G-A2-10-40-4,16.75
PO-135G-B1-100-40-1,102.95
PO-135G-A2-200-40-1,63.95
PO-135G-A3-25-40-4,16.75
PO-135G-A3-200-40-4,33.95
PO-135G-A2-150-40-1,53.95
PO-135G-A0-50-40-4,159.95
PO-135G-A3-250-40-1,55.95
PO-135G-A3-200-40-1,54.95
PO-135G-B1-100-40-4,92.95
PO-135G-A2-500-40-2,69.95
PO-135G-A2-25-40-1,37.95
PO-135G-A2-150-40-2,46.45
PO-135G-A3-150-40-1,50.95
PO-135G-A1-1-40-4,9.75
PO-135G-A2-1000-40-4,97.95
PO-135G-A2-20-40-4,21.45
PO-135G-A2-300-40-4,62.95
PO-135G-A3-20-40-4,15.45
PO-135G-A2-200-40-2,50.95
PO-135G-A3-500-40-4,39.45
PO-135G-A3-10-40-4,12.75
PO-135G-A1-250-40-2,88.95
PO-135G-A2-300-40-1,94.95
PO-135G-A0-1-40-4,13.75
PO-135G-A1-50-40-1,85.95
PO-135G-A3-25-40-1,31.45
PO-135G-A0-100-40-2,177.95
PO-135G-B2-100-40-4,41.45
PO-135G-A1-2-40-4,14.75
PO-135G-A3-150-40-4,32.95
PO-135G-A1-200-40-1,120.95
PO-135G-A0-1-40-1,28.45
PO-135G-A1-500-40-4,125.95
PO-CF-A1-1-40-5,15.95
PO-135G-A3-500-40-1,66.95
PO-135G-A2-10-40-1,31.45
PO-135G-A2-500-40-1,109.95
PO-135G-A2-25-40-2,30.95
PO-135G-B1-50-40-4,84.95
PO-135G-A1-2-40-1,29.45
PO-135G-A1-1-40-1,24.45
PO-135G-B1-250-40-1,155.95
PO-135G-A4-50-40-4,16.75
PO-135G-B1-1000-40-1,317.95
PO-135G-A2-750-40-4,83.95
PO-135G-A1-150-40-4,91.95
PO-135G-B1-500-40-4,157.95
PO-135G-A0-50-40-1,174.95
PO-135G-B1-50-40-1,95.95
PO-135G-A2-20-40-1,36.45
PO-135G-A2-400-40-4,66.95
PO-135G-A0-150-40-4,181.95
PO-135G-A1-500-40-1,179.95
PO-135G-A1-100-40-1,109.95
PO-135G-A1-750-40-4,153.95
PO-115A-A0-50-40-4,178.95
PO-135G-A2-20-40-2,28.95
PO-135G-A1-150-40-1,114.95
PO-135G-A1-200-40-4,95.95
PO-135G-A0-2-40-4,22.45
PO-135G-A1-150-40-2,91.95
PO-135G-A3-25-40-2,23.95
PO-115A-A0-50-40-1,193.95
PO-135G-A2-5-40-4,13.75
PO-135G-A4-100-40-1,37.45
PO-135G-A0-2-40-1,37.45
PO-135G-A2-1-40-4,8.75
PO-135G-B1-1500-40-4,287.95
PO-135G-A4-50-40-1,32.45
PO-135G-A2-15-40-4,18.95
PO-135G-A4-100-40-4,22.45
PO-135G-A3-10-40-1,27.45
PO-135G-A3-150-40-2,34.45
PO-135G-B1-100-40-2,94.95
PO-135G-A3-500-40-2,46.45
PO-CF-A1-2-40-5,23.95
PO-135G-A3-1000-40-4,54.95
PO-135G-B1-50-40-2,87.95
PO-135G-A2-400-40-1,96.95
PO-135G-A2-1000-40-1,187.95
PO-135G-A1-250-40-1,132.95
PO-135G-A0-50-40-2,166.95
PO-135G-A2-1-40-1,23.45
PO-135G-B1-150-40-1,141.95
PO-135G-A3-200-40-2,39.45
PO-135G-A2-1000-40-2,102.95
PO-135G-A3-20-40-1,30.45
PO-135G-A1-10-40-1,53.95
PO-135G-B1-250-40-2,154.95
PO-135G-B2-50-40-4,26.45
PO-135G-B2-100-40-1,55.95
PO-135G-A2-350-40-4,64.95
PO-135G-A3-300-40-1,62.95
PO-135G-A0-150-40-1,196.95
PO-115A-A0-100-40-4,192.95
PO-135G-A3-300-40-4,37.45
PO-135G-B1-250-40-4,109.95
PO-115A-A0-100-40-1,207.95
PO-135G-A3-15-40-4,14.25
PO-135G-A4-150-40-1,42.45
PO-135G-A0-200-40-2,200.95
PO-135G-A1-10-40-4,39.45
PO-135G-A1-200-40-2,95.95
PO-135G-B1-1-40-4,10.75
PO-135G-A2-300-40-2,65.95
PO-135G-A2-15-40-1,33.95
PO-135G-A1-1000-40-4,180.95
PO-135G-A2-2-40-1,25.45
PO-135G-A4-250-40-4,25.95
PO-135G-A2-2-40-4,10.75
PO-135G-A2-750-40-1,149.95
PO-135G-A1-300-40-1,137.95
PO-135G-B1-2-40-4,16.75
PO-135G-A0-1000-40-2,436.95
PO-135G-A1-5-40-4,26.45
PO-135G-A1-20-40-4,47.95
PO-115A-A0-100-40-2,200.95
PO-135G-B2-1-40-4,7.75
PO-135G-A2-10-40-2,23.95
PO-135G-A1-25-40-2,60.95
PO-135G-A0-4-40-1,52.95
PO-135G-A3-10-40-2,19.95
PO-135G-A2-15-40-2,26.45
PO-135G-A1-15-40-1,58.95
PO-135G-A2-1500-40-4,128.95
PO-135G-A0-200-40-1,207.95
PO-135G-A1-4-40-1,38.45
PO-135G-B2-250-40-1,82.95
PO-135G-A0-250-40-4,211.95
PO-135G-A1-20-40-1,63.95
PO-135G-A2-350-40-1,95.95
PO-135G-A3-15-40-1,28.95
PO-135G-B2-100-40-2,48.45
PO-135G-A1-25-40-1,67.95
PO-135G-A1-15-40-4,43.95
PO-135G-B2-150-40-1,67.95
PO-135G-A2-5-40-1,28.45
PO-135G-A0-25-40-1,125.95
PO-135G-A3-2000-40-4,85.95
PO-135G-B2-250-40-4,67.95
PO-135G-B2-50-40-1,41.45
PO-135G-B1-350-40-1,167.95
PO-CF-A0-1-40-5,23.95
PO-135G-A0-150-40-2,188.95
PO-135G-A2-3000-40-2,226.95
PO-115A-B1-2000-40-1,600.95
PO-135G-B1-200-40-4,106.95
PO-135G-B2-200-40-4,64.95
PO-135G-A1-10-40-2,47.45
PO-135G-B1-200-40-1,149.95
PO-135G-A4-50-40-2,30.95
PO-135G-A1-2000-40-4,290.95
PO-135G-A1-20-40-2,56.95
PO-135G-A1-4-40-4,23.45
PO-135G-A3-5-40-4,9.75
PO-135G-A3-300-40-2,42.45
PO-135G-A1-500-40-2,132.95
PO-135G-A2-2000-40-4,154.95
PO-135G-B2-250-40-2,75.95
PO-135G-A2-4-40-4,12.75
PO-135G-A3-3-40-4,7.75
PO-135G-A0-20-40-1,113.95
PO-135G-A1-300-40-4,113.95
PO-135G-A4-200-40-1,48.45
PO-135G-A3-400-40-4,38.45
PO-135G-B2-2000-40-2,245.95
PO-135G-A1-7000-40-3,939.95
PO-135G-ABRI-25-40-1,246.95
PO-135G-A0-3000-40-2,1176.95
PO-135G-A3-5000-40-1,233.95
PO-115A-A0-250-40-4,241.95
PO-135G-A3-1000-40-2,61.95
PO-135G-A3-5-40-1,24.45
PO-135G-A3-400-40-1,64.95
PO-135G-A2-1250-40-1,231.95
PO-135G-B1-1000-40-4,245.95
PO-135G-B2-300-40-1,93.95
PO-135G-A1-2-40-2,22.45
PO-135G-B1-1250-40-4,252.95
PO-135G-A0-1-40-2,21.45
PO-135G-ABRI-100-40-1,871.95
PO-135G-A3-250-40-2,41.45
PO-135G-A0-25-40-4,110.95
PO-135G-A1-3-40-4,19.45
PO-135G-B2-1000-40-4,133.95
PO-135G-B2-200-40-1,79.95
PO-135G-A3-20-40-2,22.95
PO-135G-A0-10-40-4,73.95
PO-135G-B2-500-40-4,87.95
PO-135G-A3-2-40-4,6.75
PO-135G-A3-3000-40-1,351.95
PO-135G-B1-5000-40-1,1469.95
PO-135G-A3-1-40-4,6.25
PO-CF-A0-2-40-5,38.45
PO-135G-A1-3-40-1,34.45
PO-135G-A1-750-40-2,158.95
PO-135G-A4-500-40-1,57.95
PO-135G-A3-750-40-1,94.95
PO-135G-A4-250-40-1,50.95
PO-135G-A0-250-40-1,241.95
PO-135G-ABRI-20-40-4,172.95
PO-135G-A1-25-40-4,51.95
PO-135G-B1-150-40-4,101.95
PO-135G-A1-3000-40-4,399.95
PO-135G-B1-200-40-2,126.95
PO-135G-A0-500-40-4,274.95
PO-135G-A1-5-40-1,41.45
PO-135G-A0-15-40-4,86.95
PO-135G-A2-6-40-1,29.45
PO-CF-A1-2-40-3,33.95
PO-135G-B2-150-40-4,52.95
PO-135G-A0-200-40-4,192.95
PO-135G-B1-750-40-1,257.95
PO-135G-ABRI-25-40-2,226.95
PO-135G-A2-1-40-2,15.95
PO-135G-A4-25-40-4,13.75
PO-135G-A3-2500-40-1,228.95
PO-135G-A1-15-40-2,51.95
PO-CF-ABRI-1-40-5,39.95
PO-135G-A2-3-40-4,11.75
PO-135G-A0-400-40-4,243.95
PO-135G-A1-1000-40-2,197.95
PO-135G-A2-4-40-1,27.45
PO-135G-B1-2-40-1,31.45
PO-135G-A2-5-40-2,20.95
PO-135G-B2-50-40-2,33.95
PO-135G-A3-1-40-1,20.45
PO-CF-A0-25-40-3,354.95
PO-135G-A2-1500-40-2,145.95
PO-135G-ABRI-10-40-4,137.95
PO-135G-A3-750-40-4,48.45
PO-115A-A2-50-40-1,57.95
PO-135G-A2-1500-40-1,259.95
PO-135G-ABRI-15-40-4,138.95
PO-135G-A1-5-40-2,34.45
PO-135G-A2-400-40-2,67.95
PO-135G-A0-300-40-4,222.95
PO-135G-A2-350-40-2,66.95
PO-135G-A4-10-40-4,11.75
PO-135G-B1-2-40-2,24.45
PO-135G-A0-8-40-1,78.95
PO-135G-A0-10-40-1,88.95
PO-135G-A0-2-40-2,29.45
PO-135G-A1-5000-40-4,618.95
PO-CF-B1-2-40-5,29.95
PO-135G-B1-25-40-4,67.95
PO-135G-A2-3000-40-4,211.95
PO-135G-B1-3000-40-1,718.95
PO-135G-A4-25-40-1,28.45
PO-135G-A1-1-40-2,17.75
PO-135G-A2-4-40-2,19.95
PO-135G-A1-6-40-4,29.45
PO-135G-A3-3-40-1,22.45
PO-135G-A3-15-40-2,21.45
PO-135G-A0-3-40-1,45.45
PO-135G-B2-200-40-2,70.95
PO-135G-B1-1000-40-2,297.95
PO-135G-A2-3-40-1,26.45
PO-135G-A4-150-40-4,24.45
PO-135G-B1-3-40-4,22.45
PO-CF-A1-1-40-3,25.95
PO-135G-A0-4-40-4,38.45
PO-135G-B1-1-40-1,25.45
PO-135G-A1-8-40-1,49.95
PO-135G-B1-750-40-2,240.95
PO-135G-B1-500-40-1,195.95
PO-135G-A4-1000-40-1,67.95
PO-135G-A1-1000-40-1,268.95
PO-135G-A0-1250-40-1,538.95
PO-135G-B1-1500-40-1,451.95
PO-135G-A3-4-40-4,8.75
PO-135G-A0-500-40-2,297.95
PO-135G-A4-10-40-1,26.45
PO-135G-B2-1-40-1,22.45
PO-135G-ABRI-150-40-5,747.95
PO-135G-A0-6-40-1,65.95
PO-CF-A1-4-40-5,38.45
PO-135G-B1-10-40-4,53.95
PO-135G-A2-1250-40-4,113.95
PO-135G-A0-400-40-1,273.95
PO-135G-ABRI-2-40-4,36.45
PO-135G-A2-2500-40-4,199.95
PO-135G-B1-6-40-1,50.95
PO-135G-A3-2000-40-1,240.95
PO-135G-A0-15-40-1,101.95
PO-135G-B1-750-40-4,200.95
PO-135G-A1-6-40-1,44.45
PO-135G-A2-750-40-2,93.95
PO-135G-B1-400-40-4,136.95
PO-135G-A2-6-40-4,14.45
PO-135G-A0-5-40-1,59.95
PO-135G-B2-750-40-4,105.95
PO-135G-B2-150-40-2,59.95
PO-115A-A1-50-40-4,86.95
PO-135G-A2-4000-40-4,268.95
PO-115A-A0-1000-40-1,544.95
PO-135G-A0-5-40-4,45.45
PO-135G-A4-300-40-4,26.45
PO-135G-A0-350-40-1,263.95
PO-135G-A1-300-40-2,112.95
PO-115A-B1-200-40-4,126.95
PO-135G-A2-7000-40-5,449.95
PO-135G-A3-5-40-2,16.95
PO-135G-A3-4000-40-1,462.95
PO-135G-A4-100-40-2,32.95
PO-CF-A0-4-40-5,67.95
PO-135G-ABRI-50-40-1,468.95
PO-135G-A2-2-40-2,17.95
PO-135G-A3-16000-40-5,519.95
PO-135G-A3-6-40-4,10.45
PO-135G-A0-3-40-4,30.45
PO-135G-A0-300-40-1,252.95
PO-135G-A3-4000-40-4,146.95
PO-135G-A4-500-40-2,38.45
PO-135G-A4-20-40-4,13.25
PO-135G-A2-650-40-3,90.95
PO-135G-A2-850-40-5,93.95
PO-135G-B1-500-40-2,182.95
PO-115A-A0-20-40-4,86.95
PO-135G-B2-2-40-4,10.75
PO-115A-A1-100-40-4,93.95
PO-115A-A3-30-40-1,39.45
PO-135G-A3-400-40-2,44.45
PO-135G-A4-5-40-4,9.75
PO-135G-ABRI-3-40-1,65.95
PO-115A-A1-100-40-2,100.95
PO-135G-B1-4-40-4,27.45
PO-135G-B1-2000-40-1,506.95
PO-CF-A0-10-40-5,143.95
PO-135G-A0-1000-40-4,473.95
PO-115A-A0-150-40-2,213.95
PO-135G-A3-350-40-4,37.95
PO-135G-B2-500-40-1,120.95
PO-135G-A1-1500-40-4,239.95
PO-135G-A0-25-40-2,118.95
PO-115A-A2-100-40-4,50.95
PO-135G-ABRI-25-40-4,205.95
PO-135G-A3-4-40-1,23.45
PO-115A-A0-150-40-1,221.95
PO-135G-A0-250-40-2,226.95
PO-135G-B1-950-40-6,212.95
PO-135G-A1-1250-40-4,211.95
PO-115A-ABRI-50-40-2,429.95
PO-135G-B1-1-40-2,18.75
PO-135G-B1-150-40-2,119.95
PO-115A-A0-200-40-1,235.95
PO-135G-B1-20-40-4,62.95
PO-135G-A1-3000-40-1,583.95
PO-135G-A0-1000-40-1,473.95
PO-135G-A2-2000-40-1,334.95
PO-115A-A0-150-40-4,206.95
PO-135G-A4-500-40-4,28.45
PO-135G-A4-20-40-1,27.95
PO-135G-A3-2-40-1,21.45
PO-115A-ABRI-35-40-4,286.95
PO-135G-A3-1500-40-4,71.95
PO-115A-A2-250-40-4,59.95
PO-135G-A3-11000-40-2,474.95
PO-CF-A2-2-40-5,15.95
PO-135G-ABRI-50-40-2,429.95
PO-CF-A0-1-40-3,33.95
PO-CF-ABRI-1-40-3,49.95
PO-115A-A0-25-40-4,92.95
PO-135G-A1-4-40-2,30.45
PO-135G-A3-350-40-1,63.95
PO-115A-A0-500-40-2,340.95
PO-135G-B2-5000-40-2,530.95
PO-135G-A2-8-40-4,15.75
PO-135G-A0-750-40-2,334.95
PO-135G-B1-4-40-2,35.45
PO-115A-A1-50-40-1,101.95
PO-115A-B1-300-40-1,177.95
PO-115A-A3-50-40-4,25.45
PO-135G-B2-3000-40-1,452.95
PO-135G-B1-300-40-4,126.95
PO-135G-A4-1-40-1,20.45
PO-115A-ABRI-50-40-4,390.95
PO-135G-A3-1000-40-1,77.95
PO-135G-B1-20-40-1,76.95
PO-135G-A2-8-40-1,30.45
PO-135G-A3-150-40-0,79.95
PO-115A-B1-1000-40-1,363.95
PO-135G-A2-6-40-2,21.95
PO-135G-A4-2000-40-1,147.95
PO-135G-ABRI-3-40-4,50.95
PO-135G-A2-40-40-4,26.45
PO-135G-B2-1250-40-2,169.95
PO-135G-A1-350-40-1,143.95
PO-CF-B1-2-40-3,39.95
PO-135G-A0-3-40-2,38.45
PO-135G-A4-1-40-4,6.25
PO-135G-B1-25-40-2,72.95
PO-135G-A3-5000-40-4,198.95
PO-135G-A3-10000-40-5,353.95
PO-135G-A0-6-40-4,50.95
PO-115A-A1-100-40-1,109.95
PO-CF-B1-1-40-3,28.95
PO-135G-B1-600-40-6,166.95
PO-135G-A4-200-40-4,25.45
PO-135G-A3-3000-40-4,116.95
PO-135G-B1-25-40-1,84.95
PO-135G-B2-25-40-1,34.45
PO-135G-B2-400-40-1,108.95
PO-CF-A1-10-40-3,90.95
PO-115A-A2-50-40-4,41.95
PO-135G-B2-3500-40-4,314.95
PO-115A-A0-400-40-2,297.95
PO-135G-A2-700-40-5,82.95
PO-115A-A1-200-40-2,103.95
PO-CF-B1-1-40-5,18.95
PO-135G-A2-7-40-4,14.95
PO-135G-ABRI-4-40-4,65.95
PO-135G-ABRI-1-40-2,28.45
PO-135G-A4-5-40-1,23.95
PO-135G-A3-9000-40-2,365.95
PO-CF-A2-1-40-5,11.95
PO-115A-A0-450-40-4,296.95
PO-135G-A4-5000-40-4,97.95
PO-135G-A1-650-40-2,182.95
PO-135G-A3-8-40-4,11.75
PO-135G-A0-4-40-2,46.45
PO-135G-A0-6-40-2,58.95
PO-CF-A1-10-40-5,80.95
PO-115A-A0-350-40-2,283.95
PO-135G-B2-1250-40-4,143.95
PO-135G-B1-5-40-2,39.45
PO-135G-ABRI-4-40-2,72.95
PO-115A-A0-400-40-4,282.95
PO-135G-B1-1500-40-2,370.95
PO-135G-B2-2-40-2,17.95
PO-135G-A0-20-40-4,98.95
PO-135G-B1-300-40-1,161.95
PO-135G-B2-3-40-1,25.95
PO-115A-A1-250-40-2,119.95
PO-135G-A0-500-40-1,319.95
PO-135G-B1-6-40-2,44.45
PO-115A-A0-500-40-1,363.95
PO-135G-ABRI-5-40-1,93.95
PO-CF-A1-3-40-5,31.45
PO-115A-A0-300-40-2,269.95
PO-135G-A1-2000-40-2,302.95
PO-135G-A3-6-40-1,25.45
PO-135G-A2-5000-40-4,329.95
PO-135G-B1-5-40-4,32.45
PO-135G-A0-400-40-2,258.95
PO-115A-A0-250-40-2,256.95
PO-135G-A0-10-40-2,81.95
PO-135G-A4-15-40-4,12.45
PO-135G-ABRI-10-40-1,157.95
PO-135G-B2-1000-40-2,148.95
PO-135G-B1-10-40-2,60.95
PO-CF-A1-15-40-2,140.95
PO-135G-A0-450-40-1,308.95
PO-CF-A0-2-40-3,48.45
PO-135G-A2-3000-40-1,484.95
PO-135G-B2-2000-40-1,318.95
PO-115A-A0-500-40-4,318.95
PO-135G-B2-25-40-4,19.45
PO-135G-B1-10-40-1,68.95
PO-115A-A1-20-40-4,50.95
PO-CF-A1-4-40-3,48.45
PO-135G-A4-25-40-2,20.95
PO-135G-A1-8-40-4,35.45
PO-115A-B1-100-40-1,141.95
PO-135G-A2-1250-40-2,135.95
PO-135G-B2-4-40-4,12.75
PO-135G-A3-4500-40-1,517.95
PO-135G-A3-750-40-2,56.95
PO-135G-A3-350-40-2,43.45
PO-135G-B2-300-40-2,84.95
PO-135G-A2-550-40-3,76.95
PO-115A-A2-150-40-4,55.95
PO-135G-A0-350-40-4,233.95
PO-135G-B1-15-40-4,58.95
PO-115A-A1-200-40-1,125.95
PO-135G-B2-10-40-4,14.75
PO-115A-B1-750-40-2,289.95
PO-135G-A4-2-40-4,6.75
PO-135G-B2-750-40-1,134.95
PO-135G-A2-3500-40-1,558.95
PO-135G-A3-8-40-1,26.45
PO-115A-B1-500-40-1,240.95
PO-135G-B2-750-40-2,120.95
PO-135G-A3-1-40-2,13.25
PO-135G-A2-600-40-5,79.95
PO-135G-A1-400-40-4,118.95
PO-115A-A1-1000-40-4,221.95
PO-115A-A2-1000-40-4,110.95
PO-115A-A0-200-40-4,220.95
PO-135G-B1-4-40-1,42.45
PO-135G-B2-2-40-1,25.45
PO-115A-A3-200-40-4,36.45
PO-135G-A4-1000-40-4,35.45
PO-115A-A2-25-40-4,38.45
PO-135G-A2-8-40-2,22.95
PO-135G-A2-3500-40-4,245.95
PO-135G-A2-3-40-2,18.95
PO-135G-A4-400-40-4,27.45
PO-135G-B2-20-40-4,17.95
PO-135G-A2-450-40-4,67.95
PO-115A-B2-250-40-1,97.95
PO-CF-A1-1-40-2,35.95
PO-135G-B2-10-40-1,29.45
PO-135G-A3-7-40-4,10.95
PO-115A-A2-300-40-1,102.95
PO-135G-B2-4-40-1,26.45
PO-115A-A3-20-40-4,15.45
PO-115A-A0-250-40-1,271.95
PO-135G-A4-15-40-1,27.45
PO-115A-A2-250-40-1,101.95
PO-135G-A1-1250-40-1,332.95
PO-135G-A2-600-40-2,102.95
PO-135G-A1-7-40-4,32.45
PO-135G-ABRI-2-40-2,43.45
PO-135G-A2-450-40-1,102.95
PO-CF-ABRI-2-40-3,79.95
PO-115A-A2-50-40-2,55.95
PO-135G-ABRI-2-40-1,50.95
PO-135G-A2-900-40-5,95.95
PO-135G-A4-1000-40-2,45.45
PO-135G-A3-650-40-5,47.45
PO-135G-A4-10-40-2,18.95
PO-CF-A3-2-40-5,11.95
PO-135G-B2-350-40-1,103.95
PO-115A-A2-300-40-4,68.95
PO-135G-A3-6000-40-5,210.95
PO-CF-A3-10-40-3,37.45
PO-135G-A3-3-40-2,14.95
PO-135G-A3-6-40-2,17.75
PO-135G-A2-2500-40-1,412.95
PO-135G-A3-2000-40-2,98.95
PO-115A-A1-500-40-1,194.95
PO-135G-A2-650-40-2,103.95
PO-135G-B1-8-40-4,45.45
PO-135G-A3-1250-40-4,63.95
PO-115A-B2-50-40-1,45.45
PO-135G-A2-450-40-2,68.95
PO-135G-A4-3-40-1,22.45
PO-135G-A4-750-40-1,62.95
PO-CF-A2-5-40-5,27.45
PO-135G-A0-5-40-2,51.95
PO-115A-ABRI-5-40-2,86.95
PO-CF-A2-10-40-2,66.95
PO-115A-B1-450-40-4,184.95
PO-135G-A3-5000-40-2,199.95
PO-CF-A2-20-40-5,80.95
PO-135G-A2-600-40-3,82.95
PO-135G-A2-800-40-5,91.95
PO-135G-ABRI-20-40-1,207.95
PO-135G-A2-2000-40-2,166.95
PO-115A-A1-500-40-2,166.95
PO-135G-A4-200-40-2,34.95
PO-115A-A1-25-40-4,55.95
PO-135G-ABRI-20-40-2,190.95
PO-135G-B2-20-40-2,25.45
PO-115A-A1-200-40-4,102.95
PO-135G-B1-350-40-2,156.95
PO-135G-B1-15-40-1,72.95
PO-135G-A1-350-40-2,115.95
PO-135G-B2-1000-40-1,184.95
PO-135G-A3-450-40-4,38.95
PO-115A-B1-5-40-1,47.45
PO-115A-A3-25-40-1,31.45
PO-135G-ABRI-10-40-2,149.95
PO-135G-A3-1500-40-1,182.95
PO-115A-A2-20-40-4,32.45
PO-135G-A1-750-40-1,217.95
PO-135G-B2-400-40-2,92.95
PO-135G-A4-4-40-4,8.75
PO-135G-A1-3-40-2,26.45
PO-135G-A1-400-40-1,148.95
PO-CF-A1-6-40-5,52.95
PO-135G-A4-4-40-1,23.45
PO-135G-B2-1500-40-2,193.95
PO-135G-A1-6-40-2,37.45
PO-115A-A3-100-40-4,34.45
PO-CF-A0-10-40-3,158.95
PO-CF-A3-1-40-5,9.95
PO-135G-B1-20-40-2,68.95
PO-CF-B1-10-40-2,131.95
PO-115A-A1-500-40-4,151.95
PO-135G-B1-550-40-6,162.95
PO-135G-B2-400-40-4,81.95
PO-135G-A4-2-40-1,21.45
PO-135G-A4-300-40-1,51.95
PO-115A-B1-200-40-2,134.95
PO-135G-B1-8-40-2,52.95
PO-135G-B1-400-40-1,179.95
PO-135G-A3-4000-40-2,161.95
PO-135G-A1-600-40-2,181.95
PO-115A-B1-250-40-2,162.95
PO-135G-B2-3-40-4,11.75
PO-115A-A3-800-40-3,63.95
PO-135G-B2-300-40-4,74.95
PO-135G-B2-5-40-1,26.95
PO-CF-ABRI-2-40-5,69.95
PO-CF-A1-6-40-2,72.95
PO-135G-A1-600-40-5,145.95
PO-135G-A1-450-40-2,126.95
PO-135G-A4-15-40-2,19.95
PO-115A-A2-20-40-2,39.95
PO-115A-A3-100-40-1,48.95
PO-115A-B1-200-40-1,158.95
PO-135G-A3-2-40-2,13.95
PO-135G-A4-7500-40-5,137.95
PO-135G-B2-350-40-4,78.95
PO-115A-A0-20-40-1,119.95
PO-115A-A2-100-40-1,62.95
PO-115A-B1-250-40-1,173.95
PO-135G-ABRI-15-40-1,165.95
PO-135G-A3-3500-40-2,159.95
PO-135G-B2-3-40-2,18.95
PO-115A-A3-500-40-4,45.45
PO-115A-B2-1000-40-1,193.95
PO-115A-B1-150-40-4,124.95
PO-135G-A0-8-40-4,63.95
PO-135G-ABRI-15-40-2,151.95
PO-115A-A1-400-40-4,129.95
PO-115A-A0-50-40-2,186.95
PO-135G-A3-3500-40-1,406.95
PO-115A-B1-150-40-1,147.95
PO-CF-A3-15-40-2,56.95
PO-115A-A3-200-40-1,53.95
PO-115A-A3-2000-40-1,267.95
PO-135G-A1-400-40-2,120.95
PO-135G-A4-4000-40-1,292.95
PO-135G-A4-350-40-1,53.95
PO-135G-A4-250-40-2,35.95
PO-135G-B2-700-40-2,125.95
PO-CF-B1-5-40-5,60.95
PO-135G-B2-4-40-2,19.25
PO-115A-B1-150-40-2,132.95
PO-115A-B1-50-40-1,130.95
PO-115A-A1-300-40-1,151.95
PO-CF-ABRI-4-40-3,136.95
PO-115A-A1-300-40-4,122.95
PO-115A-B1-50-40-2,122.95
PO-115A-A2-100-40-2,60.95
PO-135G-A4-150-40-2,33.95
PO-135G-ABRI-8-40-4,117.95
PO-115A-A3-1000-40-4,62.95
PO-135G-A4-2000-40-4,57.95
PO-115A-A1-1-40-4,9.75
PO-135G-A3-50-40-0,57.95
PO-115A-B1-50-40-4,114.95
PO-115A-A1-10-40-4,39.45
PO-135G-A3-600-40-2,68.95
PO-115A-A1-2-40-1,29.45
PO-135G-A3-600-40-3,49.95
PO-CF-A2-4-40-5,23.95
PO-135G-A1-9-40-2,45.45
PO-135G-A3-9-40-4,12.25
PO-135G-B2-450-40-1,113.95
PO-135G-A3-100-40-0,71.95
PO-135G-B1-6-40-4,36.45
PO-135G-A1-9-40-4,37.45
PO-135G-B1-350-40-4,131.95
PO-135G-B1-450-40-1,191.95
PO-135G-A1-450-40-4,124.95
PO-CF-A1-20-40-3,156.95
PO-115A-A1-150-40-2,101.95
PO-135G-A3-550-40-3,48.45
PO-115A-A1-150-40-1,120.95
PO-135G-A3-2500-40-4,101.95
PO-CF-B2-1-40-5,13.45
PO-135G-A3-9-40-2,19.45
PO-135G-A3-3000-40-2,122.95
PO-135G-A2-900-40-3,99.95
PO-135G-A4-1500-40-1,126.95
PO-135G-A4-20-40-2,20.45
PO-115A-A2-400-40-1,104.95
PO-CF-A0-2-40-2,58.95
PO-135G-A3-800-40-5,52.95
PO-CF-A2-25-40-2,120.95
PO-135G-A4-3-40-4,7.75
PO-115A-A0-15-40-1,112.95
PO-135G-A3-30-40-2,25.45
PO-135G-B2-20-40-1,32.95
PO-135G-ABRI-6-40-2,99.95
PO-135G-A4-6-40-1,24.45
PO-CF-A3-50-40-5,102.95
PO-135G-B1-3-40-2,29.45
PO-115A-A3-25-40-4,16.75
PO-135G-A4-4500-40-1,327.95
PO-135G-A3-2500-40-2,119.95
PO-CF-A3-20-40-5,46.45
PO-CF-A1-15-40-3,125.95
PO-135G-A3-500-40-0,107.95
PO-115A-A3-250-40-2,44.45
PO-115A-A1-150-40-4,97.95
PO-115A-A1-250-40-4,111.95
PO-CF-A3-20-40-3,56.95
PO-135G-A0-20-40-2,106.95
PO-135G-A0-9-40-1,83.95
PO-135G-A1-7-40-1,47.45
PO-115A-A0-5-40-2,50.95
PO-135G-B2-15-40-2,23.95
PO-135G-B1-5-40-1,47.45
PO-115A-A0-25-40-2,102.95
PO-CF-A0-3-40-5,52.95
PO-115A-A3-50-40-2,30.45
PO-135G-ABRI-6-40-1,107.95
PO-135G-A4-300-40-2,36.45
PO-135G-B1-3-40-1,37.45
PO-115A-A3-50-40-1,35.95
PO-115A-A2-5-40-1,29.45
PO-115A-B1-100-40-4,123.95
PO-135G-A4-350-40-4,26.95
PO-135G-A4-400-40-1,54.95
PO-115A-A2-20-40-1,47.45
PO-115A-A1-50-40-2,94.95
PO-135G-B1-8-40-1,59.95
PO-135G-A4-8-40-1,25.45
PO-CF-ABRI-3-40-3,107.95
PO-135G-B2-15-40-1,31.45
PO-135G-A4-600-40-3,39.45
PO-115A-A0-4-40-1,51.95
PO-135G-B2-500-40-2,94.95
PO-115A-A0-15-40-2,89.95
PO-135G-ABRI-5-40-2,86.95
PO-CF-A1-15-40-5,114.95
PO-115A-A1-1-40-1,24.45
PO-115A-A2-600-40-5,87.95
PO-135G-A4-4000-40-4,86.95
PO-CF-A2-10-40-5,46.45
PO-135G-A3-8-40-2,18.75
PO-135G-A0-15-40-2,94.95
PO-CF-A0-5-40-5,80.95
PO-135G-A4-2500-40-2,66.95
PO-115A-A3-10-40-4,12.95
PO-115A-A2-500-40-4,76.95
PO-115A-A2-10-40-4,20.45
PO-115A-B1-2-40-1,31.45
PO-CF-B1-2-40-2,49.95
PO-135G-A2-550-40-2,101.95
PO-CF-A0-4-40-2,87.95
PO-135G-ABRI-5-40-4,78.95
PO-115A-A2-350-40-1,103.95
PO-135G-A2-7-40-1,29.95
PO-135G-A4-6-40-4,10.25
PO-135G-A3-30-40-4,18.45
PO-135G-A4-8-40-4,10.95
PO-CF-A2-20-40-3,90.95
PO-115A-B2-25-40-4,22.45
PO-135G-B2-1-40-2,14.95
PO-135G-A4-400-40-2,37.45
PO-135G-A2-550-40-5,77.95
PO-115A-A2-300-40-2,71.95
PO-135G-A1-350-40-4,117.95
PO-115A-A2-400-40-2,77.95
PO-CF-A2-4-40-3,33.95
PO-135G-A3-800-40-2,73.95
PO-CF-A1-8-40-3,77.95
PO-CF-A2-15-40-3,73.95
PO-115A-A2-5-40-4,14.75
PO-135G-A3-1250-40-2,70.95
PO-135G-A3-1500-40-2,79.95
PO-115A-A2-200-40-1,78.95
PO-135G-B1-15-40-2,64.95
PO-CF-A3-3-40-5,13.95
PO-CF-A1-3-40-3,41.45
PO-115A-B2-100-40-1,63.95
PO-115A-A3-15-40-4,14.25
PO-CF-A2-3-40-5,19.95
PO-135G-A0-8-40-2,70.95
PO-CF-B2-2-40-5,18.95
PO-CF-A3-5-40-5,17.75
PO-115A-A2-350-40-4,70.95
PO-115A-B1-5-40-2,39.45
PO-115A-A1-20-40-2,60.95
PO-115A-A0-4-40-4,37.45
PO-CF-A3-4-40-5,15.95
PO-CF-A1-7-40-5,60.95
PO-115A-A3-300-40-4,40.95
PO-CF-A1-2-40-2,43.95
PO-CF-A0-3-40-2,72.95
PO-135G-A2-30-40-4,24.45
PO-CF-A1-5-40-3,56.95
PO-135G-A2-9-40-4,16.25
PO-115A-A2-15-40-1,41.45
PO-115A-A2-250-40-2,64.95
PO-115A-A1-25-40-2,65.95
PO-115A-A0-3-40-4,29.45
PO-135G-A1-9-40-1,51.95
PO-CF-A1-5-40-5,46.45
PO-135G-A3-4-40-2,15.95
PO-135G-B2-5-40-4,13.75
PO-115A-A0-1-40-1,28.45
PO-115A-B2-150-40-4,64.95
PO-135G-A2-30-40-2,31.95
PO-115A-B1-1-40-4,10.75
PO-CF-A3-25-40-3,64.95
PO-115A-A0-8-40-4,61.95
PO-135G-A3-35-40-1,33.95
PO-115A-A2-200-40-2,63.95
PO-135G-A3-550-40-2,67.95
PO-CF-A0-3-40-3,62.95
PO-135G-A0-7-40-1,72.95
PO-115A-B1-4-40-1,42.45
PO-135G-A3-650-40-3,54.95
PO-115A-A0-10-40-1,88.95
PO-CF-A3-10-40-5,27.45
PO-135G-A3-700-40-3,55.95
PO-115A-A2-15-40-4,26.45
PO-115A-A0-10-40-4,73.95
PO-115A-A3-300-40-1,68.95
PO-115A-A0-6-40-1,64.95
PO-115A-A3-500-40-1,81.95
PO-135G-A3-450-40-1,65.95
PO-115A-A2-150-40-2,61.95
PO-115A-A3-750-40-4,54.95
PO-115A-A3-100-40-2,41.45
PO-135G-A4-1500-40-2,54.95
PO-135G-A4-30-40-4,14.45
PO-115A-A1-5-40-4,26.45
PO-115A-B2-50-40-4,30.95
PO-CF-B2-8-40-5,49.95
PO-135G-A4-4-40-2,15.95
PO-115A-B2-100-40-4,49.45
PO-135G-B2-10-40-2,21.95
PO-115A-B1-2-40-4,16.75
PO-135G-A0-7-40-4,57.95
PO-135G-A4-750-40-2,41.95
PO-115A-A0-3-40-1,44.45
PO-115A-A3-25-40-2,23.95
PO-CF-B1-4-40-5,49.95
PO-115A-A0-1-40-2,21.45
PO-115A-A1-2-40-4,14.75
PO-115A-A3-250-40-1,54.95
PO-135G-B2-5-40-2,19.45
PO-135G-A3-700-40-5,47.95
PO-115A-A2-200-40-4,58.95
PO-CF-A1-4-40-2,58.95
PO-135G-A4-900-40-5,43.95
PO-CF-A2-1-40-2,31.95
PO-115A-A3-1-40-1,20.45
PO-115A-A2-25-40-2,45.45
PO-115A-A0-4-40-2,44.45
PO-115A-A0-1-40-4,13.75
PO-115A-A1-15-40-4,45.95
PO-115A-A1-15-40-1,77.95
PO-135G-A2-40-40-1,39.45
PO-CF-A3-2-40-3,21.95
PO-135G-A3-9-40-1,26.95
PO-135G-B1-9-40-4,48.95
PO-115A-A1-4-40-4,23.45
PO-135G-A4-1500-40-4,53.95
PO-135G-A4-900-40-3,44.45
PO-135G-A4-5-40-2,16.95
PO-135G-A3-600-40-5,46.45
PO-135G-B2-6-40-4,13.95
PO-115A-A3-400-40-2,49.95
PO-CF-A2-2-40-3,25.95
PO-115A-A1-3-40-4,19.45
PO-115A-A1-5-40-1,41.45
PO-135G-B1-7-40-2,48.45
PO-135G-A1-8-40-2,42.45
PO-CF-A2-10-40-3,56.95
PO-115A-A2-10-40-1,35.45
PO-135G-A1-7-40-2,40.45
PO-135G-B2-30-40-1,36.45
PO-115A-ABRI-2-40-4,36.45
PO-135G-A4-550-40-5,38.45
PO-135G-A4-450-40-4,27.95
PO-CF-ABRI-1-40-2,59.95
PO-115A-A0-2-40-2,29.45
PO-115A-A3-20-40-1,30.45
PO-135G-A2-35-40-1,38.95
PO-115A-A3-250-40-4,36.95
PO-CF-A2-4-40-2,43.95
PO-135G-A2-30-40-1,38.45
PO-135G-A3-7-40-2,18.25
PO-135G-A2-35-40-2,32.45
PO-135G-A4-1-40-2,13.25
PO-CF-A2-7-40-5,34.45
PO-135G-B2-15-40-4,16.45
PO-CF-A0-1-40-2,43.95
PO-CF-A3-1-40-2,29.95
PO-CF-B2-4-40-5,29.95
PO-115A-B2-25-40-1,36.45
PO-115A-B2-2-40-1,27.45
PO-135G-B2-6-40-1,27.45
PO-115A-A1-4-40-2,30.45
PO-135G-A3-7-40-1,25.95
PO-115A-B1-5-40-4,32.45
PO-135G-B2-8-40-4,14.45
PO-135G-A2-9-40-2,23.45
PO-115A-A3-150-40-4,35.45
PO-135G-A3-30-40-1,32.95
PO-115A-ABRI-2-40-2,43.45
PO-CF-B2-2-40-3,28.95
PO-135G-A2-9-40-1,30.95
PO-CF-A3-3-40-3,23.95
PO-115A-A2-6-40-2,23.45
PO-CF-A3-1-40-3,19.95
PO-115A-B2-25-40-2,29.45
PO-135G-A4-30-40-2,23.45
PO-135G-A3-35-40-4,19.95
PO-115A-B2-5-40-2,21.45
PO-135G-ABRI-1-40-4,20.45
PO-115A-B2-20-40-4,20.95
PO-135G-ABRI-1-40-1,35.45
PO-115A-A3-20-40-2,22.95
PO-115A-A1-1-40-2,17.75
PO-135G-A4-2-40-2,13.95
PO-135G-A4-6-40-2,17.45
PO-115A-B2-2-40-2,18.75
PO-135G-B2-6-40-2,19.95
PO-135G-A4-7-40-1,24.95
PO-CF-A2-3-40-3,29.95
PO-135G-B2-9-40-4,14.45
PO-CF-A3-6-40-5,19.95
PO-115A-B2-10-40-4,16.75
PO-CF-A3-4-40-2,35.95
PO-CF-A2-2-40-2,35.95
PO-115A-A3-6-40-4,11.95
PO-115A-B2-4-40-4,14.75
PO-115A-A2-3-40-4,11.75
PO-115A-B2-2-40-4,12.75
PO-115A-A2-2-40-4,10.75
PO-115A-A2-3-40-2,18.95
PO-115A-A2-1-40-4,8.75
PO-115A-B1-1-40-1,25.45
PO-135G-A4-7-40-4,10.75
PO-135G-A4-3-40-2,14.95
PO-CF-ABRI-500-40-2,15007.95
PO-CF-ABRI-450-40-2,13565.95
PO-CF-ABRI-500-40-3,12926.95
PO-CF-ABRI-400-40-2,12111.95
PO-CF-ABRI-500-40-5,11971.95
PO-CF-ABRI-450-40-3,11692.95
PO-CF-ABRI-450-40-5,10778.95
PO-CF-ABRI-350-40-2,10667.95
PO-CF-ABRI-400-40-3,10446.95
PO-CF-ABRI-400-40-5,9585.95
PO-CF-ABRI-350-40-3,9210.95
PO-CF-ABRI-300-40-2,9187.95
PO-CF-ABRI-350-40-5,8391.95
PO-CF-ABRI-300-40-3,7938.95
PO-CF-ABRI-250-40-2,7693.95
PO-CF-A0-500-40-2,7403.95
PO-CF-ABRI-300-40-5,7216.95
PO-CF-A0-450-40-2,6694.95
PO-CF-ABRI-250-40-3,6652.95
PO-CF-A0-500-40-3,6404.95
PO-CF-ABRI-200-40-2,6206.95
PO-CF-ABRI-250-40-5,6048.95
PO-CF-A0-400-40-2,5981.95
PO-CF-A0-500-40-5,5822.95
PO-CF-A0-450-40-3,5795.95
PO-CF-ABRI-175-40-2,5453.95
PO-CF-ABRI-200-40-3,5373.95
PO-CF-A0-450-40-5,5269.95
PO-CF-B1-500-40-2,5266.95
PO-CF-A0-350-40-2,5261.95
PO-CF-A0-400-40-3,5181.95
PO-CF-ABRI-200-40-5,4885.95
PO-115A-B2-20000-40-2,4800.95
PO-CF-B1-450-40-2,4754.95
PO-CF-ABRI-175-40-3,4724.95
PO-CF-A0-400-40-5,4710.95
PO-CF-ABRI-150-40-2,4694.95
PO-CF-B1-500-40-3,4566.95
PO-CF-A0-350-40-3,4561.95
PO-CF-A0-300-40-2,4534.95
PO-115A-ABRI-500-40-2,4401.95
PO-115A-A1-20000-40-2,4366.95
PO-CF-ABRI-175-40-5,4295.95
PO-CF-B1-400-40-2,4240.95
PO-CF-B1-500-40-5,4151.95
PO-CF-A0-350-40-5,4146.95
PO-CF-B1-450-40-3,4124.95
PO-CF-ABRI-150-40-3,4069.95
PO-115A-ABRI-500-40-3,4034.95
PO-115A-ABRI-450-40-2,3986.95
PO-115A-B1-20000-40-6,3966.95
PO-CF-A0-300-40-3,3934.95
PO-CF-A0-250-40-2,3801.95
PO-CF-A1-500-40-2,3798.95
PO-115A-B1-19000-40-6,3772.95
PO-CF-B1-450-40-5,3749.95
PO-CF-B1-350-40-2,3731.95
PO-CF-ABRI-150-40-5,3699.95
PO-CF-B1-400-40-3,3680.95
PO-115A-ABRI-500-40-5,3667.95
PO-115A-ABRI-450-40-3,3653.95
PO-115A-B1-18000-40-6,3579.95
PO-CF-A0-300-40-5,3577.95
PO-135G-ABRI-500-40-2,3572.95
PO-135G-ABRI-500-40-3,3572.95
PO-115A-ABRI-400-40-2,3557.95
PO-135G-B2-20000-40-2,3494.95
PO-CF-A1-450-40-2,3431.95
PO-115A-B1-17000-40-6,3386.95
PO-135G-A0-10000-40-9,3372.95
PO-CF-B1-400-40-5,3345.95
PO-115A-ABRI-450-40-5,3321.95
PO-CF-A0-250-40-3,3301.95
PO-CF-A1-500-40-3,3299.95
PO-115A-B2-20000-40-3,3291.95
PO-115A-B2-19000-40-2,3284.95
PO-115A-A0-10000-40-9,3284.95
PO-135G-B1-20000-40-4,3267.95
PO-115A-ABRI-400-40-3,3261.95
PO-CF-B1-350-40-3,3241.95
PO-135G-ABRI-450-40-2,3219.95
PO-135G-ABRI-450-40-3,3219.95
PO-115A-A0-9500-40-9,3218.95
PO-CF-B1-300-40-2,3211.95
PO-135G-ABRI-5000-40-4,3205.95
PO-115A-B1-16000-40-6,3193.95
PO-135G-A0-9500-40-9,3167.95
PO-CF-ABRI-100-40-2,3157.95
PO-135G-A1-20000-40-2,3154.95
PO-115A-B2-19000-40-3,3130.95
PO-115A-ABRI-350-40-2,3127.95
PO-135G-B1-19000-40-4,3118.95
PO-115A-B2-18000-40-2,3111.95
PO-115A-A0-9000-40-9,3073.95
PO-115A-B2-20000-40-5,3069.95
PO-CF-A1-400-40-2,3061.95
PO-CF-A0-200-40-2,3054.95
PO-115A-A1-19000-40-2,3020.95
PO-CF-A0-250-40-5,3001.95
PO-115A-B1-15000-40-6,3000.95
PO-CF-A1-500-40-5,2999.95
PO-135G-A0-9000-40-9,2995.95
PO-115A-B2-19000-40-5,2989.95
PO-CF-A1-450-40-3,2981.95
PO-135G-B1-18000-40-4,2967.95
PO-115A-B2-18000-40-3,2965.95
PO-135G-ABRI-4500-40-4,2965.95
PO-115A-ABRI-400-40-5,2964.95
PO-CF-B1-350-40-5,2946.95
PO-115A-A0-8500-40-9,2941.95
PO-115A-B2-17000-40-2,2938.95
PO-115A-B2-16000-40-2,2937.95
PO-115A-B2-15000-40-2,2936.95
PO-115A-A1-20000-40-3,2929.95
PO-135G-ABRI-5000-40-6,2914.95
PO-135G-B1-20000-40-6,2894.95
PO-115A-ABRI-350-40-3,2866.95
PO-135G-ABRI-400-40-2,2866.95
PO-135G-ABRI-400-40-3,2866.95
PO-115A-A1-18000-40-2,2864.95
PO-115A-B2-18000-40-5,2832.95
PO-135G-A0-8500-40-9,2823.95
PO-135G-B1-17000-40-4,2814.95
PO-115A-A0-8000-40-9,2810.95
PO-115A-B1-14000-40-6,2807.95
PO-115A-B2-17000-40-3,2800.95
PO-CF-B1-300-40-3,2791.95
PO-115A-A1-19000-40-3,2786.95
PO-135G-B1-19000-40-6,2753.95
PO-CF-ABRI-100-40-3,2740.95
PO-135G-ABRI-4000-40-4,2717.95
PO-250G-A0-5000-40-3,2710.95
PO-CF-A1-450-40-5,2710.95
PO-115A-A1-17000-40-2,2709.95
PO-115A-A1-16000-40-2,2708.95
PO-115A-A1-15000-40-2,2707.95
PO-CF-B2-500-40-2,2695.95
PO-135G-ABRI-4500-40-6,2695.95
PO-115A-ABRI-300-40-2,2694.95
PO-CF-B1-250-40-2,2694.95
PO-CF-A1-350-40-2,2690.95
PO-250G-A0-5000-40-5,2685.95
PO-CF-A0-175-40-2,2678.95
PO-115A-A0-7500-40-9,2676.95
PO-115A-B2-17000-40-5,2674.95
PO-115A-A1-20000-40-5,2662.95
PO-135G-B1-16000-40-4,2661.95
PO-CF-A1-400-40-3,2661.95
PO-CF-A0-200-40-3,2654.95
PO-135G-A0-8000-40-9,2652.95
PO-135G-A1-19000-40-2,2649.95
PO-115A-A1-18000-40-3,2643.95
PO-115A-B2-16000-40-3,2635.95
PO-115A-B1-13000-40-6,2614.95
PO-135G-B1-18000-40-6,2612.95
PO-115A-ABRI-350-40-5,2606.95
PO-115A-A1-19000-40-5,2572.95
PO-135G-A1-20000-40-3,2540.95
PO-CF-B1-300-40-5,2537.95
PO-115A-B2-16000-40-5,2517.95
PO-135G-A1-18000-40-2,2513.95
PO-135G-ABRI-350-40-3,2513.95
PO-135G-ABRI-350-40-2,2513.95
PO-135G-B1-15000-40-4,2506.95
PO-115A-A1-17000-40-3,2500.95
PO-CF-ABRI-100-40-5,2491.95
PO-115A-A0-7000-40-9,2481.95
PO-135G-A0-7500-40-9,2480.95
PO-135G-ABRI-3500-40-4,2474.95
PO-135G-B1-17000-40-6,2471.95
PO-115A-B2-15000-40-3,2470.95
PO-115A-ABRI-300-40-3,2470.95
PO-115A-A2-20000-40-2,2470.95
PO-135G-ABRI-4000-40-6,2470.95
PO-115A-A1-18000-40-5,2441.95
PO-CF-B2-450-40-2,2430.95
PO-135G-A1-20000-40-5,2426.95
PO-115A-B1-12000-40-6,2421.95
PO-CF-A1-400-40-5,2419.95
PO-115A-B2-14000-40-2,2418.95
PO-135G-A1-19000-40-3,2416.95
PO-CF-A0-200-40-5,2413.95
PO-115A-B1-11000-40-6,2405.95
PO-115A-A0-6500-40-9,2404.95
PO-115A-B1-10000-40-6,2388.95
PO-135G-A1-17000-40-2,2377.95
PO-135G-A1-16000-40-2,2376.95
PO-135G-A1-15000-40-2,2375.95
PO-115A-A1-16000-40-3,2357.95
PO-135G-B1-14000-40-4,2351.95
PO-CF-B2-500-40-3,2345.95
PO-CF-B1-250-40-3,2344.95
PO-CF-A1-350-40-3,2340.95
PO-135G-A0-7000-40-9,2333.95
PO-135G-B1-16000-40-6,2330.95
PO-CF-A0-175-40-3,2328.95
PO-CF-A1-300-40-2,2317.95
PO-115A-A1-17000-40-5,2309.95
PO-115A-B2-14000-40-3,2305.95
PO-115A-B2-15000-40-5,2304.95
PO-CF-A0-150-40-2,2301.95
PO-135G-A1-18000-40-3,2292.95
PO-115A-A0-6000-40-9,2270.95
PO-115A-ABRI-250-40-2,2259.95
PO-135G-ABRI-3500-40-6,2249.95
PO-115A-B2-13000-40-2,2245.95
PO-115A-ABRI-300-40-5,2245.95
PO-115A-A1-14000-40-2,2243.95
PO-250G-A0-4000-40-3,2239.95
PO-135G-ABRI-3000-40-4,2231.95
PO-250G-A0-4000-40-5,2220.95
PO-115A-A1-15000-40-3,2215.95
PO-135G-A1-19000-40-5,2202.95
PO-115A-B2-14000-40-5,2202.95
PO-135G-B1-13000-40-4,2194.95
PO-135G-B1-15000-40-6,2190.95
PO-115A-A1-16000-40-5,2178.95
PO-135G-A1-17000-40-3,2169.95
PO-CF-B2-400-40-2,2169.95
PO-135G-ABRI-300-40-3,2161.95
PO-135G-ABRI-300-40-2,2161.95
PO-CF-B1-200-40-2,2160.95
PO-115A-B2-13000-40-3,2140.95
PO-135G-A0-6500-40-9,2137.95
PO-115A-A0-5500-40-9,2132.95
PO-CF-B2-500-40-5,2131.95
PO-CF-B1-250-40-5,2131.95
PO-CF-A1-350-40-5,2127.95
PO-CF-A0-175-40-5,2117.95
PO-CF-B2-450-40-3,2115.95
PO-135G-A1-18000-40-5,2090.95
PO-115A-A1-13000-40-2,2087.95
PO-115A-A1-14000-40-3,2072.95
PO-115A-B2-12000-40-2,2071.95
PO-115A-ABRI-250-40-3,2071.95
PO-115A-B2-11000-40-2,2070.95
PO-115A-B2-10000-40-2,2069.95
PO-135G-B1-14000-40-6,2049.95
PO-135G-A1-16000-40-3,2045.95
PO-115A-B2-13000-40-5,2044.95
PO-135G-B1-12000-40-4,2037.95
PO-135G-B1-11000-40-4,2036.95
PO-135G-B1-10000-40-4,2035.95
PO-135G-A0-6000-40-9,2034.95
PO-135G-ABRI-3000-40-6,2028.95
PO-CF-A1-300-40-3,2017.95
PO-115A-A1-15000-40-5,2013.95
PO-CF-A0-150-40-3,2001.95
PO-135G-ABRI-2500-40-4,1987.95
PO-135G-A1-17000-40-5,1978.95
PO-115A-B2-12000-40-3,1975.95
PO-135G-A1-14000-40-2,1969.95
PO-115A-A0-5000-40-1,1955.95
PO-CF-A2-500-40-2,1942.95
PO-CF-A1-250-40-2,1941.95
PO-115A-B1-9500-40-6,1938.95
PO-115A-A1-12000-40-2,1932.95
PO-115A-A1-11000-40-2,1931.95
PO-115A-A1-10000-40-2,1930.95
PO-115A-A1-13000-40-3,1929.95
PO-135G-A1-15000-40-3,1922.95
PO-CF-B2-450-40-5,1922.95
PO-115A-A1-14000-40-5,1915.95
PO-CF-B2-350-40-2,1908.95
PO-135G-B1-13000-40-6,1908.95
PO-CF-B1-175-40-2,1894.95
PO-CF-B2-400-40-3,1889.95
PO-115A-B2-12000-40-5,1887.95
PO-115A-ABRI-250-40-5,1882.95
PO-CF-B1-200-40-3,1880.95
PO-135G-A0-5000-40-1,1869.95
PO-135G-A1-16000-40-5,1866.95
PO-135G-A1-15000-40-5,1852.95
PO-115A-B1-9000-40-6,1842.95
PO-135G-A1-13000-40-2,1833.95
PO-CF-A1-300-40-5,1833.95
PO-CF-A0-150-40-5,1819.95
PO-135G-A2-20000-40-2,1818.95
PO-115A-ABRI-200-40-2,1817.95
PO-115A-B2-11000-40-3,1810.95
PO-135G-ABRI-250-40-3,1807.95
PO-135G-ABRI-250-40-2,1807.95
PO-115A-A0-4500-40-1,1806.95
PO-135G-ABRI-2500-40-6,1806.95
PO-250G-A0-3000-40-3,1798.95
PO-135G-A1-14000-40-3,1798.95
PO-135G-A0-5500-40-9,1793.95
PO-135G-B2-19000-40-2,1791.95
PO-115A-A1-12000-40-3,1786.95
PO-250G-A0-3000-40-5,1784.95
PO-115A-A1-13000-40-5,1783.95
PO-135G-B1-12000-40-6,1767.95
PO-135G-B1-11000-40-6,1766.95
PO-135G-B1-10000-40-6,1765.95
PO-115A-A0-5000-40-2,1755.95
PO-CF-A2-450-40-2,1753.95
PO-115A-B1-8500-40-6,1745.95
PO-135G-ABRI-2000-40-4,1737.95
PO-115A-B2-11000-40-5,1729.95
PO-135G-A0-4500-40-1,1722.95
PO-135G-B2-20000-40-3,1721.95
PO-CF-B2-400-40-5,1717.95
PO-115A-A0-5000-40-4,1710.95
PO-CF-B1-200-40-5,1709.95
PO-135G-B2-18000-40-2,1699.95
PO-135G-A1-12000-40-2,1697.95
PO-CF-A2-500-40-3,1692.95
PO-CF-A1-250-40-3,1691.95
PO-135G-A1-11000-40-2,1680.95
PO-135G-A1-13000-40-3,1674.95
PO-135G-A0-5000-40-2,1669.95
PO-115A-ABRI-200-40-3,1666.95
PO-CF-B2-350-40-3,1663.95
PO-135G-A1-10000-40-2,1662.95
PO-115A-A0-4000-40-1,1656.95
PO-115A-A1-12000-40-5,1652.95
PO-115A-B2-10000-40-3,1649.95
PO-CF-B1-175-40-3,1649.95
PO-115A-B1-8000-40-6,1649.95
PO-115A-B2-9500-40-2,1648.95
PO-115A-B1-7500-40-6,1648.95
PO-115A-B1-7000-40-6,1647.95
PO-115A-A1-11000-40-3,1643.95
PO-CF-B2-300-40-2,1642.95
PO-135G-B1-9500-40-4,1642.95
PO-135G-A1-14000-40-5,1641.95
PO-135G-B2-19000-40-3,1637.95
PO-115A-A0-4500-40-2,1626.95
PO-CF-B1-150-40-2,1624.95
PO-135G-A0-5000-40-4,1622.95
PO-135G-B2-17000-40-2,1607.95
PO-135G-B2-16000-40-2,1606.95
PO-135G-B2-15000-40-2,1605.95
PO-CF-ABRI-50-40-2,1593.95
PO-115A-ABRI-175-40-2,1591.95
PO-115A-B1-5000-40-1,1590.95
PO-115A-A0-4500-40-4,1586.95
PO-115A-A0-3500-40-1,1586.95
PO-135G-ABRI-2000-40-6,1579.95
PO-135G-A0-4000-40-1,1575.95
PO-115A-A2-19000-40-2,1572.95
PO-115A-B2-9500-40-3,1568.95
PO-135G-B2-20000-40-5,1564.95
PO-135G-B1-9000-40-4,1564.95
PO-CF-A2-400-40-2,1563.95
PO-115A-B2-9000-40-2,1562.95
PO-CF-A1-200-40-2,1557.95
PO-115A-A1-9500-40-2,1555.95
PO-135G-B2-18000-40-3,1553.95
PO-135G-A1-12000-40-3,1551.95
PO-135G-A0-4500-40-2,1543.95
PO-CF-A0-100-40-2,1541.95
PO-CF-A2-500-40-5,1538.95
PO-CF-A1-250-40-5,1538.95
PO-115A-B2-10000-40-5,1535.95
PO-135G-A1-13000-40-5,1529.95
PO-CF-A2-450-40-3,1528.95
PO-115A-A2-20000-40-3,1522.95
PO-115A-A1-11000-40-5,1520.95
PO-115A-ABRI-200-40-5,1514.95
PO-CF-B2-350-40-5,1512.95
PO-100G-A0-5000-40-1,1508.95
PO-115A-A1-10000-40-3,1506.95
PO-135G-A0-4500-40-4,1500.95
PO-CF-B1-175-40-5,1499.95
PO-115A-A0-4000-40-2,1497.95
PO-135G-B2-19000-40-5,1496.95
PO-115A-B2-9500-40-5,1495.95
PO-115A-A2-18000-40-2,1491.95
PO-135G-ABRI-1500-40-4,1490.95
PO-135G-B1-8500-40-4,1487.95
PO-115A-B2-9000-40-3,1486.95
PO-115A-A1-9000-40-2,1478.95
PO-115A-B2-8500-40-2,1475.95
PO-135G-B2-17000-40-3,1469.95
PO-115A-A0-4000-40-4,1461.95
PO-115A-ABRI-175-40-3,1459.95
PO-115A-A0-3500-40-2,1454.95
PO-250G-A0-2500-40-3,1449.95
PO-115A-A2-19000-40-3,1448.95
PO-135G-ABRI-200-40-2,1447.95
PO-135G-ABRI-200-40-3,1447.95
PO-250G-A0-2500-40-5,1437.95
PO-135G-A0-3500-40-1,1437.95
PO-115A-A1-9500-40-3,1434.95
PO-CF-B2-300-40-3,1432.95
PO-135G-A1-11000-40-3,1427.95
PO-115A-B1-5000-40-2,1426.95
PO-135G-B2-18000-40-5,1420.95
PO-135G-A1-12000-40-5,1417.95
PO-115A-B2-9000-40-5,1416.95
PO-135G-A0-4000-40-2,1416.95
PO-135G-B1-9500-40-6,1414.95
PO-CF-B1-150-40-3,1414.95
PO-115A-A2-17000-40-2,1411.95
PO-115A-A2-16000-40-2,1410.95
PO-115A-A2-15000-40-2,1409.95
PO-135G-B1-8000-40-4,1408.95
PO-135G-B1-7500-40-4,1407.95
PO-135G-B1-7000-40-4,1406.95
PO-115A-B2-8500-40-3,1403.95
PO-115A-A1-8500-40-2,1400.95
PO-CF-A2-450-40-5,1389.95
PO-115A-B2-8000-40-2,1388.95
PO-135G-B2-16000-40-3,1386.95
PO-135G-A2-19000-40-2,1386.95
PO-100G-A0-4500-40-1,1385.95
PO-CF-ABRI-50-40-3,1384.95
PO-115A-A2-20000-40-5,1383.95
PO-CF-B2-250-40-2,1381.95
PO-CF-A2-350-40-2,1379.95
PO-135G-A0-4000-40-4,1378.95
PO-115A-A2-18000-40-3,1374.95
PO-135G-A1-9500-40-2,1369.95
PO-115A-A1-10000-40-5,1369.95
PO-115A-ABRI-150-40-2,1368.95
PO-135G-ABRI-1250-40-4,1365.95
PO-CF-A1-175-40-2,1365.95
PO-115A-A1-9000-40-3,1363.95
PO-CF-A2-400-40-3,1363.95
PO-115A-B1-6500-40-6,1359.95
PO-CF-A1-200-40-3,1357.95
PO-135G-ABRI-1500-40-6,1355.95
PO-250G-A0-2000-40-3,1351.95
PO-115A-A0-3000-40-1,1351.95
PO-100G-A0-5000-40-2,1351.95
PO-135G-B1-9000-40-6,1344.95
PO-135G-B2-17000-40-5,1343.95
PO-CF-A0-100-40-3,1341.95
PO-250G-A0-2000-40-5,1340.95
PO-115A-B2-8500-40-5,1337.95
PO-115A-A2-19000-40-5,1335.95
PO-135G-B2-14000-40-2,1331.95
PO-135G-A2-20000-40-3,1327.95
PO-115A-ABRI-175-40-5,1326.95
PO-115A-A1-9500-40-5,1323.95
PO-115A-A0-3500-40-4,1322.95
PO-115A-A1-8000-40-2,1322.95
PO-115A-B2-8000-40-3,1321.95
PO-135G-A2-18000-40-2,1315.95
PO-100G-A0-5000-40-4,1314.95
PO-135G-A1-10000-40-3,1310.95
PO-135G-A1-11000-40-5,1305.95
PO-115A-B2-7500-40-2,1302.95
PO-135G-B2-15000-40-3,1302.95
PO-135G-A1-9000-40-2,1301.95
PO-CF-B2-300-40-5,1301.95
PO-115A-A2-17000-40-3,1300.95
PO-135G-A0-3000-40-1,1299.95
PO-135G-A2-20000-40-5,1298.95
PO-135G-A0-3500-40-2,1296.95
PO-115A-A1-8500-40-3,1291.95
PO-CF-B1-150-40-5,1285.95
PO-CF-ABRI-40-40-2,1282.95
PO-135G-A1-10000-40-5,1278.95
PO-135G-B1-8500-40-6,1273.95
PO-135G-B2-16000-40-5,1267.95
PO-135G-ABRI-175-40-3,1267.95
PO-115A-A2-18000-40-5,1267.95
PO-135G-A0-3500-40-4,1263.95
PO-115A-B1-6000-40-6,1263.95
PO-135G-A2-19000-40-3,1262.95
PO-100G-A0-4000-40-1,1262.95
PO-115A-B1-5500-40-6,1262.95
PO-115A-B1-5000-40-4,1261.95
PO-115A-B2-8000-40-5,1259.95
PO-CF-ABRI-50-40-5,1258.95
PO-115A-A1-9000-40-5,1257.95
PO-115A-B1-4500-40-1,1257.95
PO-115A-ABRI-150-40-3,1254.95
PO-100G-A0-4500-40-2,1249.95
PO-135G-A1-9500-40-3,1248.95
PO-135G-A2-17000-40-2,1244.95
PO-115A-A1-7500-40-2,1244.95
PO-135G-A2-16000-40-2,1243.95
PO-135G-ABRI-1000-40-4,1243.95
PO-135G-A2-15000-40-2,1242.95
PO-135G-ABRI-1250-40-6,1241.95
PO-135G-B2-13000-40-2,1239.95
PO-CF-A2-400-40-5,1239.95
PO-115A-B2-7500-40-3,1238.95
PO-135G-A1-8500-40-2,1233.95
PO-CF-A1-200-40-5,1233.95
PO-115A-A0-3000-40-2,1228.95
PO-115A-A2-16000-40-3,1226.95
PO-115A-A1-8000-40-3,1220.95
PO-CF-A0-100-40-5,1219.95
PO-135G-B2-14000-40-3,1218.95
PO-100G-A0-4500-40-4,1217.95
PO-115A-B2-7000-40-2,1215.95
PO-115A-A0-2500-40-1,1214.95
PO-CF-B2-250-40-3,1206.95
PO-CF-A2-350-40-3,1204.95
PO-135G-B1-8000-40-6,1203.95
PO-135G-B1-7500-40-6,1202.95
PO-135G-B1-7000-40-6,1201.95
PO-115A-A2-17000-40-5,1199.95
PO-115A-A0-3000-40-4,1199.95
PO-135G-A2-18000-40-3,1198.95
PO-115A-A1-8500-40-5,1192.95
PO-CF-A2-300-40-2,1191.95
PO-CF-A1-175-40-3,1190.95
PO-135G-A1-9000-40-3,1186.95
PO-135G-B2-15000-40-5,1183.95
PO-115A-B2-7500-40-5,1180.95
PO-CF-A1-150-40-2,1173.95
PO-135G-B1-6500-40-4,1170.95
PO-115A-A2-14000-40-2,1169.95
PO-135G-A1-8000-40-2,1165.95
PO-100G-A0-3500-40-1,1163.95
PO-115A-B2-7000-40-3,1156.95
PO-135G-A0-2500-40-1,1153.95
PO-115A-A2-15000-40-3,1152.95
PO-115A-B1-4500-40-2,1152.95
PO-135G-A2-19000-40-5,1149.95
PO-115A-A1-7500-40-3,1148.95
PO-135G-B2-12000-40-2,1147.95
PO-135G-A0-3000-40-4,1147.95
PO-100G-A0-4000-40-2,1147.95
PO-135G-B2-11000-40-2,1146.95
PO-135G-B2-10000-40-2,1145.95
PO-115A-ABRI-150-40-5,1140.95
PO-135G-A1-9500-40-5,1137.95
PO-135G-B2-13000-40-3,1134.95
PO-135G-A2-17000-40-3,1134.95
PO-115A-A2-16000-40-5,1131.95
PO-135G-ABRI-1000-40-6,1130.95
PO-115A-B2-6500-40-2,1128.95
PO-115A-A1-8000-40-5,1126.95
PO-CF-ABRI-35-40-2,1125.95
PO-115A-A1-7000-40-2,1125.95
PO-135G-A1-8500-40-3,1124.95
PO-250G-A0-1500-40-1,1121.95
PO-250G-A0-1500-40-2,1121.95
PO-135G-ABRI-750-40-4,1120.95
PO-100G-A0-4000-40-4,1120.95
PO-115A-B1-4000-40-1,1117.95
PO-135G-B2-14000-40-5,1115.95
PO-CF-ABRI-40-40-3,1115.95
PO-115A-A0-2500-40-2,1109.95
PO-CF-B2-200-40-2,1107.95
PO-115A-B2-7000-40-5,1101.95
PO-135G-A1-7500-40-2,1097.95
PO-CF-B2-250-40-5,1096.95
PO-CF-A2-350-40-5,1094.95
PO-CF-B1-100-40-2,1092.95
PO-135G-A2-18000-40-5,1091.95
PO-135G-B1-6000-40-4,1090.95
PO-135G-B1-5500-40-4,1089.95
PO-115A-A1-6500-40-2,1089.95
PO-115A-A2-13000-40-2,1088.95
PO-135G-B1-5000-40-2,1088.95
PO-135G-ABRI-150-40-3,1086.95
PO-135G-ABRI-150-40-2,1086.95
PO-115A-A0-2500-40-4,1085.95
PO-CF-A1-175-40-5,1082.95
PO-135G-A1-9000-40-5,1081.95
PO-115A-A2-14000-40-3,1078.95
PO-115A-A0-2000-40-1,1076.95
PO-115A-B2-6500-40-3,1073.95
PO-135G-A2-16000-40-3,1069.95
PO-100G-A0-3000-40-1,1063.95
PO-135G-A1-8000-40-3,1062.95
PO-115A-A1-7500-40-5,1060.95
PO-100G-A0-3500-40-2,1058.95
PO-115A-A1-5000-40-1,1055.95
PO-135G-B2-12000-40-3,1051.95
PO-135G-A0-2500-40-2,1048.95
PO-115A-B1-4500-40-4,1048.95
PO-115A-A2-15000-40-5,1047.95
PO-115A-B2-6000-40-2,1042.95
PO-115A-B2-5500-40-2,1041.95
PO-CF-A2-300-40-3,1041.95
PO-115A-B2-5000-40-1,1040.95
PO-135G-B2-13000-40-5,1039.95
PO-135G-A2-17000-40-5,1033.95
PO-100G-A0-3500-40-4,1033.95
PO-135G-A2-14000-40-2,1031.95
PO-250G-A0-1000-40-1,1029.95
PO-135G-A1-7000-40-2,1029.95
PO-135G-A1-8500-40-5,1024.95
PO-135G-A0-2500-40-4,1023.95
PO-CF-A1-150-40-3,1023.95
PO-115A-B2-6500-40-5,1022.95
PO-135G-A2-16000-40-5,1019.95
PO-135G-ABRI-750-40-6,1018.95
PO-CF-ABRI-40-40-5,1013.95
PO-115A-A1-6000-40-2,1011.95
PO-115A-A1-5500-40-2,1010.95
PO-250G-A0-1000-40-2,1009.95
PO-115A-A1-4500-40-1,1008.95
PO-115A-A2-12000-40-2,1007.95
PO-135G-A0-2000-40-1,1006.95
PO-115A-A2-11000-40-2,1006.95
PO-135G-A2-15000-40-3,1005.95
PO-115A-A2-10000-40-2,1005.95
PO-115A-A1-6500-40-3,1005.95
PO-135G-A2-15000-40-5,1004.95
PO-115A-A2-13000-40-3,1004.95
PO-CF-A3-500-40-2,1002.95
PO-CF-A2-250-40-2,1001.95
PO-135G-A1-7500-40-3,1000.95
PO-250G-A0-1500-40-4,998.95
PO-115A-A2-14000-40-5,995.95
PO-115A-A1-7000-40-5,994.95
PO-135G-B1-6500-40-6,992.95
PO-115A-B2-6000-40-3,991.95
PO-115A-A0-2000-40-2,989.95
PO-CF-ABRI-35-40-3,979.95
PO-115A-B1-4000-40-2,978.95
PO-115A-B1-3500-40-1,976.95
PO-CF-B2-175-40-2,972.95
PO-115A-A0-2000-40-4,970.95
PO-100G-A0-3000-40-2,969.95
PO-135G-A1-8000-40-5,968.95
PO-CF-ABRI-30-40-2,968.95
PO-135G-B2-11000-40-3,967.95
PO-CF-B2-200-40-3,967.95
PO-135G-B1-4500-40-1,967.95
PO-135G-B2-12000-40-5,962.95
PO-135G-A1-6500-40-2,961.95
PO-135G-A2-13000-40-2,960.95
PO-CF-B1-100-40-3,952.95
PO-100G-A0-2500-40-1,951.95
PO-115A-B1-4000-40-4,948.95
PO-100G-A0-3000-40-4,946.95
PO-CF-A2-300-40-5,946.95
PO-115A-B2-6000-40-5,944.95
PO-135G-A2-14000-40-3,940.95
PO-115A-A1-6000-40-3,934.95
PO-250G-A0-1000-40-4,932.95
PO-115A-A2-12000-40-3,930.95
PO-CF-A1-150-40-5,930.95
PO-115A-A1-6500-40-5,929.95
PO-115A-A2-13000-40-5,927.95
PO-135G-B2-9500-40-2,925.95
PO-115A-ABRI-100-40-1,921.95
PO-135G-B1-6000-40-6,921.95
PO-135G-A0-2000-40-2,920.95
PO-135G-A1-5000-40-1,920.95
PO-135G-A1-7500-40-5,912.95
PO-CF-A3-450-40-2,909.95
PO-115A-B2-5500-40-3,908.95
PO-135G-ABRI-500-40-5,906.95
PO-115A-A1-4000-40-1,901.95
PO-135G-A0-2000-40-4,899.95
PO-115A-B1-3500-40-2,895.95
PO-135G-A1-6000-40-2,893.95
PO-135G-A1-5500-40-2,892.95
PO-CF-ABRI-35-40-5,890.95
PO-135G-A2-12000-40-2,889.95
PO-135G-A2-11000-40-2,888.95
PO-135G-B2-10000-40-3,887.95
PO-135G-A2-10000-40-2,887.95
PO-135G-B2-11000-40-5,886.95
PO-135G-B1-5500-40-6,886.95
PO-135G-B1-4500-40-2,885.95
PO-135G-ABRI-450-40-5,883.95
PO-135G-B2-9000-40-2,879.95
PO-CF-B2-200-40-5,879.95
PO-135G-A1-6500-40-3,877.95
PO-CF-A3-500-40-3,877.95
PO-135G-A2-13000-40-3,876.95
PO-135G-A3-20000-40-2,876.95
PO-135G-B1-4000-40-1,876.95
PO-CF-A2-250-40-3,876.95
PO-115A-A3-20000-40-2,874.95
PO-CF-B1-100-40-5,866.95
PO-115A-B2-5500-40-5,865.95
PO-115A-B2-4500-40-1,864.95
PO-115A-A1-5500-40-3,863.95
PO-115A-A1-6000-40-5,863.95
PO-135G-ABRI-400-40-5,862.95
PO-115A-A2-12000-40-5,859.95
PO-135G-A2-14000-40-5,857.95
PO-135G-A1-7000-40-5,856.95
PO-115A-A2-11000-40-3,856.95
PO-100G-A0-2500-40-2,854.95
PO-135G-B1-5000-40-4,851.95
PO-115A-A2-5000-40-1,850.95
PO-CF-B2-175-40-3,849.95
PO-135G-B2-9500-40-3,845.95
PO-115A-ABRI-100-40-2,845.95
PO-135G-A1-4500-40-1,843.95
PO-CF-ABRI-30-40-3,843.95
PO-135G-ABRI-350-40-5,839.95
PO-100G-A0-2000-40-1,838.95
PO-CF-B2-150-40-2,834.95
PO-135G-B2-8500-40-2,833.95
PO-115A-A3-19000-40-2,831.95
PO-100G-A0-2500-40-4,831.95
PO-115A-B1-3000-40-1,831.95
PO-135G-ABRI-300-40-5,816.95
PO-135G-A1-6000-40-3,815.95
PO-115A-A1-3500-40-1,815.95
PO-115A-B1-3500-40-4,814.95
PO-CF-A3-400-40-2,813.95
PO-135G-A2-12000-40-3,812.95
PO-115A-A2-9500-40-2,812.95
PO-CF-ABRI-25-40-2,807.95
PO-135G-B2-10000-40-5,806.95
PO-115A-A3-20000-40-3,805.95
PO-135G-B2-9000-40-3,803.95
PO-135G-B1-4000-40-2,803.95
PO-CF-A2-200-40-2,803.95
PO-135G-A1-6500-40-5,800.95
PO-135G-A2-13000-40-5,799.95
PO-135G-ABRI-100-40-2,798.95
PO-CF-A3-500-40-5,797.95
PO-115A-A1-5500-40-5,797.95
PO-CF-A2-250-40-5,797.95
PO-CF-A3-450-40-3,796.95
PO-135G-ABRI-250-40-5,793.95
PO-115A-A2-11000-40-5,791.95
PO-115A-A3-18000-40-2,789.95
PO-135G-B2-8000-40-2,787.95
PO-CF-A1-100-40-2,786.95
PO-115A-A2-10000-40-3,785.95
PO-CF-A0-50-40-2,780.95
PO-115A-A1-5000-40-2,779.95
PO-115A-A1-4500-40-2,778.95
PO-115A-B1-3000-40-2,773.95
PO-135G-B2-9500-40-5,772.95
PO-115A-A2-9000-40-2,772.95
PO-CF-B2-175-40-5,771.95
PO-135G-ABRI-200-40-5,770.95
PO-115A-ABRI-100-40-4,768.95
PO-115A-A2-4500-40-1,768.95
PO-115A-A3-19000-40-3,766.95
PO-CF-ABRI-30-40-5,766.95
PO-135G-A1-4000-40-1,765.95
PO-135G-B2-8500-40-3,761.95
PO-135G-ABRI-175-40-5,758.95
PO-135G-B1-3500-40-1,754.95
PO-135G-A1-5500-40-3,753.95
PO-115A-A2-9500-40-3,748.95
PO-115A-A3-17000-40-2,747.95
PO-135G-A2-11000-40-3,747.95
PO-135G-A1-6000-40-5,744.95
PO-115A-A3-20000-40-5,742.95
PO-135G-B2-7500-40-2,741.95
PO-135G-A2-12000-40-5,741.95
PO-100G-A0-2000-40-2,739.95
PO-135G-A3-19000-40-2,737.95
PO-135G-B2-9000-40-5,734.95
PO-100G-A0-1500-40-1,733.95
PO-115A-A2-8500-40-2,732.95
PO-CF-B2-150-40-3,729.95
PO-115A-B1-2500-40-1,729.95
PO-115A-A3-18000-40-3,727.95
PO-135G-ABRI-100-40-4,726.95
PO-CF-A3-450-40-5,724.95
PO-135G-A1-3500-40-1,721.95
PO-135G-B2-8000-40-3,719.95
PO-CF-A3-350-40-2,719.95
PO-135G-A2-9500-40-2,718.95
PO-100G-A0-2000-40-4,716.95
PO-115A-A1-5000-40-4,715.95
PO-115A-A2-10000-40-5,713.95
PO-CF-A3-400-40-3,713.95
PO-115A-B1-3000-40-4,713.95
PO-115A-A2-9000-40-3,711.95
PO-135G-B1-4500-40-4,710.95
PO-250G-A0-500-40-1,709.95
PO-CF-A2-175-40-2,709.95
PO-135G-A2-4500-40-1,708.95
PO-115A-A3-19000-40-5,706.95
PO-135G-A3-20000-40-3,706.95
PO-115A-A3-16000-40-2,704.95
PO-CF-A2-200-40-3,703.95
PO-CF-ABRI-25-40-3,702.95
PO-135G-A3-18000-40-2,700.95
PO-135G-B1-3500-40-2,698.95
PO-135G-B2-8500-40-5,696.95
PO-135G-B2-7000-40-2,695.95
PO-135G-B1-4000-40-4,693.95
PO-115A-A2-8000-40-2,691.95
PO-115A-A1-3000-40-1,690.95
PO-115A-A2-9500-40-5,689.95
PO-135G-A1-5500-40-5,688.95
PO-115A-A3-17000-40-3,688.95
PO-115A-A2-4000-40-1,687.95
PO-135G-A2-10000-40-3,686.95
PO-CF-A1-100-40-3,686.95
PO-135G-A2-11000-40-5,682.95
PO-135G-A2-9000-40-2,682.95
PO-135G-B1-2500-40-1,681.95
PO-CF-A0-50-40-3,680.95
PO-135G-B2-7500-40-3,678.95
PO-115A-A2-8500-40-3,674.95
PO-115A-A0-1500-40-1,673.95
PO-115A-A1-2500-40-1,673.95
PO-135G-A3-19000-40-3,672.95
PO-115A-A3-18000-40-5,671.95
PO-115A-B2-5000-40-2,668.95
PO-115A-B2-5000-40-4,668.95
PO-115A-A1-4500-40-4,666.95
PO-250G-A0-500-40-2,664.95
PO-CF-B2-150-40-5,663.95
PO-115A-A3-15000-40-2,662.95
PO-135G-A3-17000-40-2,662.95
PO-135G-A3-16000-40-2,661.95
PO-135G-A3-15000-40-2,660.95
PO-135G-B2-8000-40-5,657.95
PO-115A-A1-4000-40-2,657.95
PO-115A-A2-9000-40-5,655.95
PO-135G-A2-9500-40-3,654.95
PO-115A-B1-2500-40-2,652.95
PO-115A-A2-7500-40-2,651.95
PO-CF-ABRI-20-40-2,651.95
PO-135G-B2-6500-40-2,649.95
PO-115A-A3-16000-40-3,649.95
PO-CF-A3-400-40-5,648.95
PO-135G-A2-8500-40-2,647.95
PO-135G-B1-3000-40-2,647.95
PO-100G-A0-1500-40-2,646.95
PO-CF-A2-200-40-5,639.95
PO-135G-A1-5000-40-2,638.95
PO-135G-A3-18000-40-3,638.95
PO-CF-ABRI-25-40-5,638.95
PO-115A-A3-5000-40-1,638.95
PO-115A-A2-8000-40-3,637.95
PO-135G-B2-7000-40-3,636.95
PO-115A-A3-17000-40-5,635.95
PO-115A-B1-2500-40-4,635.95
PO-135G-A2-4000-40-1,633.95
PO-CF-A0-40-40-2,633.95
PO-CF-A3-350-40-3,631.95
PO-135G-A3-20000-40-5,629.95
PO-CF-A3-300-40-2,629.95
PO-100G-A0-1250-40-1,628.95
PO-100G-A0-1500-40-4,625.95
PO-CF-A1-100-40-5,624.95
PO-135G-A2-10000-40-5,623.95
PO-115A-A1-3500-40-2,623.95
PO-135G-A2-9000-40-3,621.95
PO-115A-A2-8500-40-5,621.95
PO-CF-A2-175-40-3,621.95
PO-115A-A3-14000-40-2,620.95
PO-135G-B2-7500-40-5,619.95
PO-CF-A0-50-40-5,618.95
PO-250G-A0-500-40-4,615.95
PO-135G-A2-8000-40-2,612.95
PO-135G-A3-19000-40-5,612.95
PO-CF-A2-150-40-2,611.95
PO-115A-A3-15000-40-3,610.95
PO-115A-B2-4500-40-2,610.95
PO-115A-B2-4500-40-4,609.95
PO-115A-A0-1250-40-1,609.95
PO-115A-A2-3500-40-1,606.95
PO-135G-A3-17000-40-3,604.95
PO-135G-B2-6000-40-2,603.95
PO-135G-A0-1500-40-1,603.95
PO-135G-B2-5500-40-2,602.95
PO-115A-B2-4000-40-1,602.95
PO-135G-B2-5000-40-1,601.95
PO-115A-A2-7500-40-3,600.95
PO-135G-B2-4500-40-1,600.95
PO-115A-A3-16000-40-5,599.95
PO-115A-A0-1500-40-2,596.95
PO-135G-A2-9500-40-5,595.95
PO-135G-B2-6500-40-3,594.95
PO-135G-A2-8500-40-3,589.95
PO-115A-A1-4000-40-4,589.95
PO-115A-A2-8000-40-5,587.95
PO-135G-A1-4500-40-2,585.95
PO-135G-B2-7000-40-5,581.95
PO-135G-A3-18000-40-5,581.95
PO-115A-A0-1500-40-4,578.95
PO-115A-A3-13000-40-2,577.95
PO-135G-A1-4500-40-4,576.95
PO-135G-A2-7500-40-2,576.95
PO-115A-A3-4500-40-1,576.95
PO-CF-A3-350-40-5,573.95
PO-115A-A3-14000-40-3,572.95
PO-115A-A2-7000-40-2,571.95
PO-115A-A2-6500-40-2,570.95
PO-135G-A3-16000-40-3,570.95
PO-135G-B1-3500-40-4,569.95
PO-CF-ABRI-20-40-3,567.95
PO-135G-A2-9000-40-5,566.95
PO-135G-B2-4000-40-1,566.95
PO-CF-B2-100-40-2,564.95
PO-115A-B1-175-40-5,564.95
PO-115A-B1-175-40-2,564.95
PO-115A-B1-175-40-3,564.95
PO-135G-B1-175-40-2,564.95
PO-135G-B1-175-40-5,564.95
PO-135G-B1-175-40-3,564.95
PO-CF-A2-175-40-5,564.95
PO-115A-A3-15000-40-5,563.95
PO-115A-A2-7000-40-3,563.95
PO-CF-B1-50-40-2,559.95
PO-CF-A0-35-40-2,558.95
PO-135G-A2-8000-40-3,557.95
PO-115A-A0-175-40-3,555.95
PO-115A-A0-175-40-2,555.95
PO-115A-A0-175-40-5,555.95
PO-135G-A0-175-40-5,555.95
PO-135G-A0-175-40-2,555.95
PO-135G-A0-175-40-3,555.95
PO-115A-B1-2000-40-2,555.95
PO-115A-A0-1250-40-4,554.95
PO-CF-A3-300-40-3,554.95
PO-CF-A0-40-40-3,553.95
PO-115A-A2-7500-40-5,553.95
PO-135G-B2-6000-40-3,552.95
PO-115A-A0-1250-40-2,552.95
PO-100G-A0-1250-40-2,552.95
PO-115A-B2-4000-40-2,551.95
PO-115A-B2-4000-40-4,551.95
PO-135G-A3-17000-40-5,550.95
PO-135G-A3-14000-40-2,549.95
PO-135G-B1-3000-40-4,548.95
PO-135G-B2-6500-40-5,543.95
PO-135G-B2-5500-40-3,541.95
PO-135G-B1-2500-40-2,539.95
PO-115A-B2-3500-40-1,537.95
PO-135G-A2-8500-40-5,536.95
PO-135G-A3-15000-40-3,536.95
PO-CF-A2-150-40-3,536.95
PO-115A-A3-12000-40-2,535.95
PO-CF-A3-250-40-2,534.95
PO-115A-A1-3500-40-4,534.95
PO-115A-A3-13000-40-3,533.95
PO-135G-A0-1500-40-2,533.95
PO-100G-A0-1250-40-4,533.95
PO-135G-A1-4000-40-2,532.95
PO-135G-A1-2500-40-1,532.95
PO-115A-A2-6000-40-2,530.95
PO-115A-A0-1000-40-4,530.95
PO-115A-A2-5500-40-2,529.95
PO-115A-A3-14000-40-5,528.95
PO-135G-A2-7000-40-2,526.95
PO-115A-A2-6500-40-3,526.95
PO-135G-A2-7500-40-3,525.95
PO-115A-A2-3000-40-1,524.95
PO-100G-A0-1000-40-1,523.95
PO-115A-A1-3000-40-2,520.95
PO-115A-A2-7000-40-5,519.95
PO-135G-A0-1500-40-4,517.95
PO-CF-ABRI-20-40-5,516.95
PO-115A-A3-4000-40-1,514.95
PO-115A-B1-2000-40-4,514.95
PO-135G-A3-13000-40-2,512.95
PO-135G-A1-4000-40-4,509.95
PO-135G-A2-8000-40-5,507.95
PO-115A-A0-1000-40-2,507.95
PO-135G-B2-6000-40-5,505.95
PO-135G-A2-6500-40-2,505.95
PO-115A-A0-900-40-9,505.95
PO-CF-A3-300-40-5,504.95
PO-115A-A1-2000-40-1,503.95
PO-CF-A0-40-40-5,502.95
PO-135G-A3-14000-40-3,501.95
PO-135G-A0-1250-40-4,495.95
PO-CF-ABRI-15-40-2,495.95
PO-CF-B2-100-40-3,494.95
PO-115A-A3-12000-40-3,494.95
PO-115A-A0-800-40-9,494.95
PO-115A-A3-11000-40-2,493.95
PO-135G-A2-7000-40-3,493.95
PO-135G-A3-15000-40-5,493.95
PO-115A-A3-13000-40-5,492.95
PO-115A-B2-3500-40-4,492.95
PO-115A-B2-3500-40-2,492.95
PO-135G-B2-3500-40-1,490.95
PO-CF-B1-50-40-3,489.95
PO-115A-A2-6000-40-3,489.95
PO-115A-A0-750-40-4,489.95
PO-CF-A0-35-40-3,488.95
PO-CF-A2-150-40-5,487.95
PO-135G-A0-1250-40-2,485.95
PO-115A-A2-6500-40-5,485.95
PO-135G-A1-3500-40-2,483.95
PO-115A-A0-700-40-9,483.95
PO-CF-A0-30-40-2,482.95
PO-135G-A2-7500-40-5,478.95
PO-135G-A3-12000-40-2,475.95
PO-135G-A3-10000-40-2,473.95
PO-250G-A0-400-40-1,472.95
PO-250G-A0-400-40-2,472.95
PO-115A-B2-3000-40-1,472.95
PO-115A-A0-600-40-9,472.95
PO-135G-B1-2000-40-2,472.95
PO-CF-A3-250-40-3,471.95
PO-135G-A2-6000-40-2,470.95
PO-135G-A2-5500-40-2,469.95
PO-115A-ABRI-50-40-1,468.95
PO-115A-A1-3000-40-4,468.95
PO-135G-B2-5500-40-5,467.95
PO-135G-A3-13000-40-3,467.95
PO-135G-B2-4500-40-2,465.95
PO-135G-A1-3500-40-4,464.95
PO-115A-B1-1500-40-1,463.95
PO-135G-B2-5000-40-4,462.95
PO-135G-A2-6500-40-3,461.95
PO-135G-A3-14000-40-5,458.95
PO-100G-A0-1000-40-2,458.95
PO-115A-A3-12000-40-5,456.95
PO-115A-A3-11000-40-3,455.95
PO-115A-A2-5500-40-3,452.95
PO-115A-A3-3500-40-1,452.95
PO-CF-B1-40-40-2,451.95
PO-115A-A2-6000-40-5,451.95
PO-135G-A0-900-40-9,450.95
PO-CF-B2-100-40-5,449.95
PO-CF-A0-35-40-5,444.95
PO-CF-B1-50-40-5,444.95
PO-135G-A0-800-40-9,444.95
PO-115A-A2-2500-40-1,443.95
PO-115A-A1-2500-40-2,443.95
PO-135G-A0-750-40-4,442.95
PO-100G-A0-1000-40-4,441.95
PO-135G-A0-700-40-9,439.95
PO-135G-B2-4000-40-2,436.95
PO-115A-B1-1250-40-1,436.95
PO-100G-A0-750-40-1,434.95
PO-135G-A1-3000-40-2,433.95
PO-115A-B2-3000-40-4,433.95
PO-115A-B2-3000-40-2,433.95
PO-135G-A3-12000-40-3,433.95
PO-135G-A0-600-40-9,433.95
PO-CF-ABRI-15-40-3,432.95
PO-CF-A3-200-40-2,432.95
PO-CF-A3-250-40-5,429.95
PO-135G-B1-2500-40-4,428.95
PO-135G-A2-6000-40-3,428.95
PO-115A-A0-750-40-1,428.95
PO-135G-A3-13000-40-5,427.95
PO-250G-A0-400-40-4,422.95
PO-CF-A0-30-40-3,422.95
PO-115A-A3-11000-40-5,420.95
PO-135G-A2-6500-40-5,420.95
PO-135G-A1-2000-40-1,419.95
PO-135G-A4-20000-40-2,418.95
PO-115A-A2-5500-40-5,417.95
PO-115A-B1-1500-40-2,416.95
PO-CF-A2-100-40-2,415.95
PO-115A-B1-1500-40-4,414.95
PO-115A-B2-2500-40-1,407.95
PO-250G-A0-300-40-2,406.95
PO-250G-A0-300-40-1,406.95
PO-CF-A1-50-40-2,406.95
PO-CF-A0-25-40-2,404.95
PO-135G-A1-2500-40-2,402.95
PO-115A-A1-2500-40-4,402.95
PO-CF-B1-35-40-2,401.95
PO-115A-A2-5000-40-2,401.95
PO-115A-B1-1250-40-2,400.95
PO-135G-A3-11000-40-3,399.95
PO-115A-A1-1500-40-1,398.95
PO-135G-B1-2000-40-4,396.95
PO-135G-A2-5500-40-3,396.95
PO-135G-A3-12000-40-5,396.95
PO-CF-B1-40-40-3,395.95
PO-CF-ABRI-15-40-5,393.95
PO-115A-A3-10000-40-2,392.95
PO-135G-B2-4500-40-4,391.95
PO-115A-A3-9500-40-2,391.95
PO-115A-A3-9000-40-2,390.95
PO-135G-ABRI-50-40-4,390.95
PO-135G-A2-6000-40-5,390.95
PO-135G-A4-19000-40-2,390.95
PO-115A-A3-3000-40-1,390.95
PO-115A-A3-8500-40-2,389.95
PO-115A-A3-10000-40-3,388.95
PO-250G-A0-250-40-2,386.95
PO-250G-A0-250-40-1,386.95
PO-115A-ABRI-40-40-1,386.95
PO-135G-ABRI-40-40-1,386.95
PO-115A-A3-10000-40-5,385.95
PO-135G-B2-2500-40-1,385.95
PO-115A-A3-9500-40-3,384.95
PO-CF-A0-30-40-5,384.95
PO-135G-A3-9500-40-2,384.95
PO-135G-B2-4000-40-4,383.95
PO-CF-A3-200-40-3,382.95
PO-135G-A4-20000-40-3,382.95
PO-135G-A0-750-40-1,381.95
PO-115A-A0-750-40-2,381.95
PO-CF-A3-175-40-2,381.95
PO-100G-A0-750-40-2,380.95
PO-115A-A3-9000-40-3,379.95
PO-115A-A1-2000-40-2,378.95
PO-115A-A2-5000-40-4,375.95
PO-135G-B2-3500-40-2,373.95
PO-115A-B2-2500-40-4,373.95
PO-115A-B2-2500-40-2,373.95
PO-135G-A4-18000-40-2,370.95
PO-115A-A3-8000-40-2,369.95
PO-115A-A1-1250-40-1,368.95
PO-115A-A3-9500-40-5,367.95
PO-135G-A3-10000-40-3,367.95
PO-115A-A2-4500-40-2,366.95
PO-250G-A0-300-40-4,365.95
PO-135G-A1-2500-40-4,365.95
PO-135G-A3-11000-40-5,365.95
PO-CF-A2-100-40-3,365.95
PO-115A-B1-1250-40-4,364.95
PO-135G-A1-1500-40-1,363.95
PO-135G-A2-5000-40-2,363.95
PO-115A-A2-2000-40-1,362.95
PO-135G-A2-5500-40-5,361.95
PO-115A-A3-8500-40-3,359.95
PO-CF-B1-40-40-5,359.95
PO-135G-A4-19000-40-3,356.95
PO-CF-A1-50-40-3,356.95
PO-135G-ABRI-40-40-2,354.95
PO-115A-ABRI-40-40-2,354.95
PO-CF-B1-35-40-3,352.95
PO-135G-A3-9500-40-3,350.95
PO-115A-A3-9000-40-5,349.95
PO-115A-A2-4500-40-4,349.95
PO-135G-A4-17000-40-2,349.95
PO-115A-A3-7500-40-2,348.95
PO-CF-A3-200-40-5,348.95
PO-135G-B2-3000-40-2,347.95
PO-CF-B1-30-40-2,347.95
PO-135G-A3-8500-40-2,346.95
PO-250G-A0-250-40-4,345.95
PO-135G-A3-8000-40-2,345.95
PO-100G-A0-500-40-1,345.95
PO-135G-B1-1250-40-1,345.95
PO-135G-A3-7500-40-2,344.95
PO-115A-ABRI-35-40-1,343.95
PO-135G-ABRI-35-40-1,343.95
PO-135G-A4-20000-40-5,343.95
PO-250G-A0-200-40-1,342.95
PO-250G-A0-200-40-2,342.95
PO-115A-A3-8000-40-3,340.95
PO-CF-ABRI-10-40-2,340.95
PO-115A-A1-2000-40-4,340.95
PO-115A-ABRI-30-40-1,339.95
PO-115A-B1-1000-40-2,339.95
PO-135G-A4-18000-40-3,338.95
PO-CF-A3-175-40-3,337.95
PO-115A-B2-2000-40-1,335.95
PO-135G-A3-9000-40-3,333.95
PO-115A-A3-8500-40-5,331.95
PO-115A-A2-4000-40-2,331.95
PO-CF-A2-100-40-5,331.95
PO-CF-A1-40-40-2,331.95
PO-115A-A2-3500-40-2,329.95
PO-CF-A3-150-40-2,329.95
PO-135G-A4-16000-40-2,329.95
PO-CF-A0-20-40-2,328.95
PO-115A-A3-2500-40-1,328.95
PO-135G-A1-175-40-5,327.95
PO-135G-A1-175-40-3,327.95
PO-135G-A1-175-40-2,327.95
PO-115A-A1-175-40-5,327.95
PO-115A-A1-175-40-2,327.95
PO-115A-A1-175-40-3,327.95
PO-115A-A0-450-40-1,326.95
PO-115A-A1-1000-40-1,326.95
PO-135G-A2-4500-40-2,325.95
PO-CF-A1-50-40-5,323.95
PO-135G-ABRI-40-40-4,322.95
PO-CF-A0-25-40-5,322.95
PO-115A-ABRI-40-40-4,322.95
PO-135G-B1-1250-40-2,321.95
PO-250G-A0-150-40-2,320.95
PO-250G-A0-150-40-1,320.95
PO-115A-A3-7500-40-3,320.95
PO-CF-B1-35-40-5,320.95
PO-250G-A0-100-40-1,319.95
PO-135G-A4-17000-40-3,319.95
PO-135G-A4-19000-40-5,319.95
PO-250G-A0-100-40-2,318.95
PO-250G-A0-50-40-1,318.95
PO-115A-B2-175-40-3,318.95
PO-115A-B2-175-40-5,318.95
PO-115A-B2-175-40-2,318.95
PO-135G-A3-9500-40-5,318.95
PO-250G-A0-50-40-2,317.95
PO-115A-B1-1000-40-4,317.95
PO-135G-A3-8500-40-3,316.95
PO-135G-ABRI-35-40-2,314.95
PO-115A-ABRI-35-40-2,314.95
PO-115A-A3-8000-40-5,313.95
PO-115A-A0-400-40-1,312.95
PO-115A-B1-750-40-1,312.95
PO-115A-A0-450-40-2,311.95
PO-250G-A0-200-40-4,309.95
PO-CF-ABRI-9-40-2,309.95
PO-115A-A2-4000-40-4,308.95
PO-135G-A4-15000-40-2,308.95
PO-115A-ABRI-30-40-2,308.95
PO-115A-B2-2000-40-2,307.95
PO-115A-B2-2000-40-4,307.95
PO-CF-A3-175-40-5,306.95
PO-CF-B1-30-40-3,305.95
PO-135G-A2-4500-40-4,303.95
PO-135G-A3-9000-40-5,303.95
PO-135G-B2-3000-40-4,302.95
PO-135G-A4-18000-40-5,302.95
PO-100G-A0-500-40-2,301.95
PO-135G-A4-16000-40-3,300.95
PO-135G-ABRI-30-40-1,299.95
PO-135G-A3-8000-40-3,299.95
PO-115A-A0-350-40-1,298.95
PO-CF-ABRI-10-40-3,298.95
PO-115A-A1-1500-40-2,296.95
PO-115A-A3-7500-40-5,295.95
PO-CF-B2-50-40-2,293.95
PO-135G-A4-14000-40-2,293.95
PO-CF-A1-35-40-2,292.95
PO-CF-A3-150-40-3,291.95
PO-CF-A1-40-40-3,291.95
PO-115A-A3-7000-40-2,290.95
PO-CF-A0-20-40-3,288.95
PO-CF-B1-25-40-2,288.95
PO-250G-A0-150-40-4,287.95
PO-115A-A3-6500-40-2,287.95
PO-135G-A2-4000-40-2,287.95
PO-135G-A3-8500-40-5,287.95
PO-250G-A0-100-40-4,286.95
PO-135G-ABRI-35-40-4,286.95
PO-135G-A4-17000-40-5,286.95
PO-250G-A0-50-40-4,285.95
PO-135G-A0-450-40-2,285.95
PO-100G-A0-450-40-1,285.95
PO-115A-A3-6000-40-2,284.95
PO-115A-A0-300-40-1,284.95
PO-115A-A3-5500-40-2,283.95
PO-135G-A3-8000-40-5,283.95
PO-115A-ABRI-30-40-4,283.95
PO-115A-ABRI-25-40-1,282.95
PO-135G-A3-7500-40-3,282.95
PO-135G-B2-2500-40-2,281.95
PO-115A-A3-7000-40-3,281.95
PO-115A-A2-3500-40-4,281.95
PO-135G-A4-15000-40-3,281.95
PO-115A-A2-1500-40-1,280.95
PO-135G-A3-7500-40-5,279.95
PO-CF-B1-30-40-5,277.95
PO-CF-ABRI-8-40-2,277.95
PO-115A-A1-1250-40-2,277.95
PO-135G-B1-950-40-4,276.95
PO-135G-ABRI-30-40-2,274.95
PO-135G-A4-13000-40-2,274.95
PO-135G-A1-1500-40-2,272.95
PO-115A-A3-7000-40-5,272.95
PO-115A-A3-6500-40-3,272.95
PO-CF-ABRI-9-40-3,271.95
PO-CF-ABRI-10-40-5,271.95
PO-115A-A1-1500-40-4,271.95
PO-135G-A4-16000-40-5,269.95
PO-135G-B1-900-40-4,268.95
PO-115A-A0-350-40-4,268.95
PO-135G-A4-14000-40-3,268.95
PO-115A-B1-950-40-6,267.95
PO-CF-A3-150-40-5,264.95
PO-CF-A1-40-40-5,264.95
PO-135G-A0-450-40-4,263.95
PO-115A-B2-1500-40-1,263.95
PO-115A-A3-6000-40-3,262.95
PO-CF-A0-20-40-5,262.95
PO-100G-A0-750-40-4,262.95
PO-115A-B1-900-40-6,261.95
PO-135G-B1-850-40-4,260.95
PO-115A-A2-3000-40-2,260.95
PO-115A-A3-6500-40-5,259.95
PO-135G-A3-7000-40-2,259.95
PO-CF-B2-50-40-3,258.95
PO-135G-A2-3500-40-2,257.95
PO-CF-A1-35-40-3,257.95
PO-115A-ABRI-25-40-2,257.95
PO-135G-A3-6500-40-2,256.95
PO-135G-A4-3500-40-1,256.95
PO-135G-B2-2500-40-4,255.95
PO-115A-B1-850-40-6,255.95
PO-115A-B1-750-40-4,255.95
PO-115A-A0-300-40-4,254.95
PO-135G-A4-12000-40-2,254.95
PO-CF-A1-30-40-2,254.95
PO-115A-B1-800-40-6,254.95
PO-CF-B1-25-40-3,253.95
PO-135G-A3-6000-40-2,253.95
PO-135G-A4-15000-40-5,252.95
PO-135G-B1-800-40-4,251.95
PO-135G-A1-1250-40-2,250.95
PO-135G-A4-13000-40-3,250.95
PO-CF-A0-15-40-2,249.95
PO-135G-A3-7000-40-3,249.95
PO-135G-ABRI-30-40-4,249.95
PO-135G-A0-350-40-2,248.95
PO-135G-A3-6500-40-3,248.95
PO-115A-A2-1250-40-1,248.95
PO-135G-B2-1500-40-1,248.95
PO-100G-A0-450-40-2,248.95
PO-CF-ABRI-9-40-5,246.95
PO-CF-ABRI-7-40-2,245.95
PO-115A-A3-5500-40-3,243.95
PO-CF-ABRI-8-40-3,243.95
PO-115A-A1-1000-40-2,243.95
PO-115A-A3-6000-40-5,242.95
PO-115A-A2-3000-40-4,242.95
PO-115A-A1-750-40-1,242.95
PO-115A-B2-1500-40-2,241.95
PO-115A-B2-1500-40-4,241.95
PO-115A-A1-950-40-2,241.95
PO-135G-A4-14000-40-5,241.95
PO-135G-A3-7000-40-5,240.95
PO-CF-B2-40-40-2,239.95
PO-100G-A0-500-40-4,239.95
PO-135G-B1-700-40-4,238.95
PO-115A-A1-1250-40-4,238.95
PO-115A-B2-950-40-2,237.95
PO-115A-B2-950-40-5,237.95
PO-115A-B2-950-40-3,237.95
PO-135G-A0-300-40-2,237.95
PO-115A-A1-900-40-2,236.95
PO-115A-A2-175-40-3,235.95
PO-115A-A2-175-40-2,235.95
PO-115A-A2-175-40-5,235.95
PO-CF-B1-20-40-2,235.95
PO-135G-A4-11000-40-2,235.95
PO-115A-ABRI-25-40-4,235.95
PO-CF-B2-50-40-5,234.95
PO-135G-A3-5500-40-2,234.95
PO-CF-A1-35-40-5,234.95
PO-135G-A4-12000-40-3,232.95
PO-115A-B2-900-40-5,231.95
PO-115A-B2-900-40-2,231.95
PO-115A-B2-900-40-3,231.95
PO-135G-A3-6000-40-3,231.95
PO-115A-A1-850-40-2,231.95
PO-CF-B1-25-40-5,230.95
PO-115A-A1-800-40-2,230.95
PO-135G-B1-650-40-4,228.95
PO-115A-B2-1250-40-1,228.95
PO-115A-A2-2500-40-2,227.95
PO-115A-A0-200-40-2,227.95
PO-135G-A3-6500-40-5,226.95
PO-CF-A3-100-40-2,226.95
PO-115A-B2-850-40-2,225.95
PO-115A-B2-850-40-5,225.95
PO-115A-B2-850-40-3,225.95
PO-115A-ABRI-20-40-1,225.95
PO-135G-A4-13000-40-5,225.95
PO-100G-A0-400-40-1,225.95
PO-115A-B1-500-40-2,225.95
PO-115A-A3-5500-40-5,224.95
PO-100G-A0-350-40-1,224.95
PO-CF-A1-30-40-3,224.95
PO-100G-A0-300-40-1,223.95
PO-115A-B1-700-40-6,223.95
PO-100G-A0-250-40-1,222.95
PO-CF-ABRI-8-40-5,221.95
PO-135G-A4-3000-40-1,221.95
PO-135G-A1-950-40-2,220.95
PO-115A-A2-1000-40-1,220.95
PO-115A-A1-950-40-3,220.95
PO-CF-A2-50-40-2,220.95
PO-115A-B1-450-40-1,220.95
PO-115A-B2-800-40-2,219.95
PO-115A-B2-800-40-3,219.95
PO-115A-B2-800-40-5,219.95
PO-CF-A0-15-40-3,219.95
PO-135G-A1-900-40-2,216.95
PO-CF-B2-35-40-2,216.95
PO-115A-A1-900-40-3,216.95
PO-115A-B1-650-40-6,216.95
PO-135G-B2-2000-40-4,215.95
PO-115A-A3-5000-40-2,215.95
PO-CF-ABRI-7-40-3,215.95
PO-CF-ABRI-6-40-2,215.95
PO-135G-A4-11000-40-3,215.95
PO-100G-A0-450-40-4,215.95
PO-CF-A1-25-40-2,215.95
PO-135G-A3-5500-40-3,214.95
PO-135G-B2-1250-40-1,214.95
PO-115A-B1-400-40-1,213.95
PO-135G-A1-850-40-2,212.95
PO-135G-A1-800-40-2,211.95
PO-CF-B2-40-40-3,211.95
PO-115A-A1-850-40-3,211.95
PO-115A-B2-1250-40-2,210.95
PO-115A-B1-600-40-6,210.95
PO-115A-A2-2500-40-4,209.95
PO-135G-A4-12000-40-5,209.95
PO-115A-B1-550-40-6,209.95
PO-115A-B2-700-40-5,208.95
PO-115A-B2-700-40-2,208.95
PO-115A-B2-700-40-3,208.95
PO-115A-B2-1250-40-4,208.95
PO-115A-B1-500-40-4,208.95
PO-135G-B1-900-40-6,207.95
PO-CF-B1-20-40-3,207.95
PO-115A-A1-800-40-3,206.95
PO-135G-B1-600-40-4,205.95
PO-115A-A3-1500-40-1,205.95
PO-135G-A3-5500-40-5,204.95
PO-CF-A1-30-40-5,203.95
PO-115A-B2-650-40-3,202.95
PO-115A-B2-650-40-5,202.95
PO-115A-B2-650-40-2,202.95
PO-115A-A3-5000-40-4,202.95
PO-135G-B1-850-40-6,202.95
PO-115A-A1-700-40-2,202.95
PO-115A-B1-450-40-2,202.95
PO-115A-A3-4500-40-2,201.95
PO-135G-B1-800-40-6,201.95
PO-CF-A3-100-40-3,201.95
PO-115A-A1-950-40-5,201.95
PO-CF-A0-15-40-5,199.95
PO-135G-A3-4500-40-2,197.95
PO-115A-A1-750-40-2,197.95
PO-115A-A1-650-40-2,197.95
PO-115A-A1-900-40-5,197.95
PO-135G-A1-950-40-3,196.95
PO-115A-B2-600-40-3,196.95
PO-115A-B2-600-40-5,196.95
PO-115A-B2-600-40-2,196.95
PO-115A-A1-600-40-2,196.95
PO-135G-A1-900-40-3,195.95
PO-CF-ABRI-7-40-5,195.95
PO-115A-A1-550-40-2,195.95
PO-CF-A2-50-40-3,195.95
PO-135G-B1-550-40-4,194.95
PO-100G-A0-400-40-2,194.95
PO-115A-A3-175-40-3,194.95
PO-115A-A3-175-40-2,194.95
PO-115A-A3-175-40-5,194.95
PO-135G-A4-11000-40-5,193.95
PO-115A-A1-450-40-1,193.95
PO-115A-B1-350-40-1,193.95
PO-CF-B2-40-40-5,192.95
PO-115A-A1-850-40-5,192.95
PO-135G-A1-850-40-3,191.95
PO-CF-B2-35-40-3,191.95
PO-100G-A0-400-40-4,191.95
PO-115A-B2-550-40-2,190.95
PO-115A-B2-550-40-5,190.95
PO-115A-B2-550-40-3,190.95
PO-115A-A2-2000-40-2,190.95
PO-CF-ABRI-6-40-3,190.95
PO-CF-A1-25-40-3,190.95
PO-CF-B2-30-40-2,189.95
PO-135G-A1-800-40-3,188.95
PO-115A-A3-4500-40-4,188.95
PO-CF-B1-20-40-5,188.95
PO-115A-A1-800-40-5,188.95
PO-135G-A4-10000-40-2,188.95
PO-115A-ABRI-20-40-4,188.95
PO-135G-A4-9500-40-2,187.95
PO-135G-A1-700-40-2,186.95
PO-115A-A3-4000-40-2,186.95
PO-CF-B1-15-40-2,186.95
PO-135G-A4-9000-40-2,186.95
PO-CF-ABRI-5-40-2,185.95
PO-115A-A1-700-40-3,185.95
PO-135G-A4-8500-40-2,185.95
PO-CF-A3-100-40-5,183.95
PO-100G-A0-350-40-2,183.95
PO-100G-A0-350-40-4,183.95
PO-115A-A1-750-40-4,182.95
PO-135G-A4-10000-40-3,182.95
PO-CF-A2-40-40-2,182.95
PO-115A-B1-400-40-2,182.95
PO-135G-A4-9500-40-3,181.95
PO-135G-A1-550-40-2,180.95
PO-115A-A1-650-40-3,180.95
PO-115A-A3-1250-40-1,180.95
PO-135G-A4-9000-40-3,179.95
PO-135G-A1-950-40-5,178.95
PO-115A-A3-3500-40-2,178.95
PO-115A-B2-1000-40-2,178.95
PO-CF-A0-10-40-2,178.95
PO-135G-B1-450-40-2,178.95
PO-135G-A4-10000-40-5,177.95
PO-CF-A2-50-40-5,177.95
PO-115A-B1-350-40-2,177.95
PO-135G-A1-900-40-5,176.95
PO-135G-B1-700-40-6,176.95
PO-115A-B2-750-40-1,176.95
PO-115A-A1-600-40-3,176.95
PO-135G-A4-8000-40-2,176.95
PO-CF-A1-20-40-2,176.95
PO-115A-B2-1000-40-4,175.95
PO-115A-A0-40-40-1,175.95
PO-115A-A2-2000-40-4,175.95
PO-CF-B2-35-40-5,174.95
PO-135G-B1-400-40-2,174.95
PO-135G-A1-850-40-5,173.95
PO-CF-ABRI-6-40-5,173.95
PO-CF-A1-25-40-5,173.95
PO-100G-A0-300-40-4,172.95
PO-100G-A0-300-40-2,172.95
PO-115A-B1-400-40-4,172.95
PO-135G-B1-650-40-6,171.95
PO-115A-A1-550-40-3,171.95
PO-135G-A4-8500-40-3,170.95
PO-100G-A0-200-40-1,170.95
PO-115A-B1-300-40-2,170.95
PO-135G-A1-800-40-5,169.95
PO-115A-ABRI-15-40-1,169.95
PO-135G-A4-9500-40-5,169.95
PO-100G-A0-150-40-1,169.95
PO-135G-A3-1000-40-0,169.95
PO-CF-B2-30-40-3,168.95
PO-115A-A1-700-40-5,168.95
PO-100G-A0-100-40-1,168.95
PO-115A-A3-4000-40-4,167.95
PO-135G-A4-7500-40-2,167.95
PO-100G-A0-50-40-1,167.95
PO-CF-B1-15-40-3,165.95
PO-115A-ABRI-15-40-4,165.95
PO-135G-A1-450-40-1,164.95
PO-135G-A3-4500-40-4,164.95
PO-CF-ABRI-5-40-3,164.95
PO-115A-A1-450-40-2,164.95
PO-115A-A1-650-40-5,164.95
PO-100G-A0-250-40-2,164.95
PO-100G-A0-250-40-4,164.95
PO-115A-A1-400-40-1,164.95
PO-CF-A2-35-40-2,164.95
PO-CF-A0-9-40-2,163.95
PO-115A-A0-40-40-2,163.95
PO-135G-B2-1500-40-4,162.95
PO-135G-A0-40-40-1,162.95
PO-CF-A2-40-40-3,162.95
PO-CF-B2-25-40-2,161.95
PO-115A-A2-1500-40-2,161.95
PO-135G-A4-8000-40-3,161.95
PO-135G-A4-9000-40-5,161.95
PO-115A-B1-350-40-4,161.95
PO-115A-A4-5000-40-2,160.95
PO-115A-A2-750-40-1,160.95
PO-135G-A3-1250-40-1,159.95
PO-115A-A1-600-40-5,159.95
PO-115A-A1-350-40-1,158.95
PO-115A-B1-300-40-4,158.95
PO-115A-A0-35-40-1,157.95
PO-115A-ABRI-15-40-2,157.95
PO-135G-A1-700-40-3,155.95
PO-115A-A0-40-40-4,155.95
PO-115A-A1-550-40-5,155.95
PO-135G-B1-300-40-2,155.95
PO-135G-A0-40-40-2,154.95
PO-115A-B1-250-40-4,154.95
PO-CF-B2-30-40-5,153.95
PO-CF-ABRI-4-40-2,153.95
PO-135G-A4-8500-40-5,153.95
PO-135G-A1-700-40-5,152.95
PO-135G-A1-650-40-3,152.95
PO-115A-A3-3500-40-4,152.95
PO-135G-A4-7500-40-3,152.95
PO-100G-A0-200-40-2,152.95
PO-100G-A0-200-40-4,152.95
PO-CF-B1-15-40-5,150.95
PO-135G-A0-35-40-1,150.95
PO-135G-A1-600-40-3,149.95
PO-115A-A4-5000-40-3,149.95
PO-115A-A2-1250-40-2,149.95
PO-CF-ABRI-5-40-5,149.95
PO-135G-A1-650-40-5,148.95
PO-135G-B2-950-40-2,148.95
PO-CF-A2-40-40-5,148.95
PO-115A-ABRI-10-40-2,148.95
PO-CF-A0-8-40-2,147.95
PO-135G-A0-40-40-4,147.95
PO-115A-A1-250-40-1,147.95
PO-115A-B2-750-40-2,146.95
PO-CF-A2-35-40-3,146.95
PO-135G-B2-900-40-2,145.95
PO-CF-A0-9-40-3,145.95
PO-115A-A2-1500-40-4,145.95
PO-135G-A4-8000-40-5,145.95
PO-115A-ABRI-9-40-1,144.95
PO-135G-ABRI-9-40-1,144.95
PO-100G-A0-150-40-2,144.95
PO-100G-A0-150-40-4,144.95
PO-CF-B2-25-40-3,143.95
PO-115A-A3-1000-40-1,143.95
PO-100G-A0-100-40-2,143.95
PO-CF-A2-30-40-2,143.95
PO-CF-A1-20-40-5,143.95
PO-135G-B2-850-40-2,142.95
PO-115A-B2-750-40-4,142.95
PO-135G-A0-35-40-2,142.95
PO-100G-A0-100-40-4,142.95
PO-100G-A0-50-40-2,142.95
PO-135G-A1-550-40-5,141.95
PO-135G-A1-550-40-3,141.95
PO-135G-B1-450-40-4,141.95
PO-100G-A0-50-40-4,141.95
PO-115A-ABRI-10-40-4,141.95
PO-115A-A3-3000-40-2,140.95
PO-115A-A0-35-40-2,140.95
PO-135G-B2-800-40-2,139.95
PO-115A-A0-30-40-1,139.95
PO-135G-A0-30-40-1,138.95
PO-115A-A4-5000-40-5,137.95
PO-135G-ABRI-9-40-2,137.95
PO-135G-A4-7000-40-2,137.95
PO-135G-A4-6500-40-2,136.95
PO-135G-A3-750-40-0,136.95
PO-115A-ABRI-9-40-2,136.95
PO-135G-A0-35-40-4,135.95
PO-115A-A1-450-40-4,135.95
PO-135G-A4-6000-40-2,135.95
PO-135G-B2-950-40-3,134.95
PO-135G-A4-5500-40-2,134.95
PO-135G-A4-5000-40-1,133.95
PO-135G-A3-3500-40-4,133.95
PO-115A-B1-40-40-4,133.95
PO-115A-B1-40-40-2,133.95
PO-115A-B1-40-40-1,133.95
PO-135G-A4-7000-40-3,133.95
PO-135G-B1-40-40-1,133.95
PO-115A-A3-3000-40-4,132.95
PO-115A-ABRI-8-40-1,132.95
PO-135G-ABRI-8-40-1,132.95
PO-CF-A2-35-40-5,132.95
PO-135G-B2-900-40-3,131.95
PO-CF-B2-20-40-2,131.95
PO-CF-A0-9-40-5,131.95
PO-CF-A0-7-40-2,131.95
PO-CF-A0-8-40-3,131.95
PO-115A-A0-35-40-4,131.95
PO-115A-A2-950-40-2,131.95
PO-115A-B1-100-40-2,131.95
PO-CF-B2-25-40-5,130.95
PO-135G-A0-30-40-2,130.95
PO-115A-A1-400-40-2,130.95
PO-135G-A4-6500-40-3,130.95
PO-135G-B2-850-40-3,129.95
PO-115A-A2-900-40-2,129.95
PO-135G-ABRI-9-40-4,129.95
PO-135G-A4-7000-40-5,129.95
PO-115A-ABRI-9-40-4,129.95
PO-115A-A2-1250-40-4,128.95
PO-135G-A4-2500-40-1,128.95
PO-CF-A2-30-40-3,128.95
PO-115A-A2-850-40-2,127.95
PO-115A-A1-350-40-2,127.95
PO-115A-A1-350-40-4,127.95
PO-135G-B2-800-40-3,126.95
PO-115A-A3-2500-40-2,126.95
PO-115A-A2-800-40-2,126.95
PO-135G-A4-6000-40-3,126.95
PO-115A-A2-1000-40-2,125.95
PO-115A-B1-35-40-1,125.95
PO-CF-A3-50-40-2,125.95
PO-115A-ABRI-8-40-2,124.95
PO-115A-A0-25-40-1,124.95
PO-CF-ABRI-4-40-5,124.95
PO-135G-B2-650-40-2,123.95
PO-115A-B1-30-40-1,123.95
PO-135G-A0-30-40-4,123.95
PO-115A-A1-300-40-2,123.95
PO-135G-B2-600-40-2,122.95
PO-115A-B2-500-40-1,122.95
PO-135G-B2-550-40-2,121.95
PO-135G-B2-950-40-5,121.95
PO-CF-B1-9-40-2,121.95
PO-135G-A4-6500-40-5,121.95
PO-135G-A4-1000-40-0,120.95
PO-115A-A4-2500-40-2,120.95
PO-115A-ABRI-7-40-1,120.95
PO-135G-A2-950-40-2,120.95
PO-115A-B1-25-40-1,120.95
PO-CF-ABRI-3-40-2,120.95
PO-135G-B2-900-40-5,119.95
PO-115A-B2-450-40-1,119.95
PO-CF-A0-8-40-5,119.95
PO-135G-ABRI-7-40-1,119.95
PO-115A-A2-950-40-3,119.95
PO-135G-A2-900-40-2,118.95
PO-115A-B1-35-40-2,118.95
PO-115A-B1-35-40-4,118.95
PO-115A-A2-500-40-1,118.95
PO-135G-B1-35-40-1,118.95
PO-CF-B2-20-40-3,117.95
PO-115A-A3-2500-40-4,117.95
PO-115A-ABRI-8-40-4,117.95
PO-CF-A0-7-40-3,117.95
PO-115A-A0-30-40-2,117.95
PO-CF-B1-10-40-3,117.95
PO-115A-A2-900-40-3,117.95
PO-115A-B1-20-40-1,117.95
PO-135G-A4-5500-40-3,117.95
PO-CF-A2-30-40-5,117.95
PO-135G-B2-850-40-5,116.95
PO-115A-B2-400-40-1,116.95
PO-CF-A0-6-40-2,116.95
PO-135G-A2-850-40-2,116.95
PO-115A-B1-30-40-2,115.95
PO-115A-A2-850-40-3,114.95
PO-115A-A2-700-40-2,114.95
PO-115A-A3-750-40-1,114.95
PO-135G-B2-700-40-3,113.95
PO-115A-B2-350-40-1,113.95
PO-115A-B2-500-40-2,113.95
PO-135G-A4-6000-40-5,113.95
PO-115A-ABRI-7-40-2,112.95
PO-115A-A2-800-40-3,112.95
PO-115A-A2-650-40-2,112.95
PO-115A-B1-25-40-2,112.95
PO-CF-A3-50-40-3,112.95
PO-135G-ABRI-7-40-2,112.95
PO-115A-A3-2000-40-2,111.95
PO-CF-B1-8-40-2,111.95
PO-115A-A2-600-40-2,111.95
PO-135G-A4-1250-40-1,111.95
PO-135G-B2-650-40-3,110.95
PO-115A-A2-550-40-2,110.95
PO-135G-A4-5000-40-2,110.95
PO-115A-A2-450-40-1,110.95
PO-115A-B2-300-40-1,109.95
PO-115A-B2-450-40-2,109.95
PO-115A-B2-500-40-4,109.95
PO-135G-B2-600-40-3,108.95
PO-CF-B1-9-40-3,108.95
PO-115A-A2-950-40-5,108.95
PO-135G-B1-40-40-4,108.95
PO-135G-B1-40-40-2,108.95
PO-CF-B2-20-40-5,107.95
PO-115A-A4-2500-40-3,107.95
PO-115A-ABRI-6-40-1,107.95
PO-CF-A0-7-40-5,107.95
PO-115A-A0-30-40-4,107.95
PO-CF-B1-10-40-5,107.95
PO-CF-A2-25-40-3,107.95
PO-115A-A2-900-40-5,106.95
PO-135G-A3-450-40-0,106.95
PO-135G-B2-550-40-3,105.95
PO-CF-B2-15-40-2,105.95
PO-115A-ABRI-7-40-4,105.95
PO-115A-B2-400-40-2,105.95
PO-CF-A3-40-40-2,105.95
PO-135G-A4-5500-40-5,105.95
PO-115A-A4-2000-40-2,104.95
PO-115A-A2-850-40-5,104.95
PO-135G-ABRI-7-40-4,104.95
PO-115A-B2-450-40-4,103.95
PO-115A-A2-750-40-2,103.95
PO-115A-B1-30-40-4,103.95
PO-135G-A4-4500-40-2,103.95
PO-135G-B1-30-40-1,103.95
PO-135G-B2-700-40-5,102.95
PO-115A-A2-800-40-5,102.95
PO-135G-A2-950-40-3,101.95
PO-115A-A2-700-40-3,101.95
PO-135G-A3-400-40-0,101.95
PO-135G-B2-650-40-5,100.95
PO-115A-B2-350-40-2,100.95
PO-CF-A0-5-40-2,100.95
PO-135G-A3-350-40-0,100.95
PO-CF-A2-20-40-2,100.95
PO-CF-A1-10-40-2,100.95
PO-115A-ABRI-6-40-2,99.95
PO-CF-B1-8-40-3,99.95
PO-CF-B1-7-40-2,99.95
PO-115A-A2-650-40-3,99.95
PO-115A-A1-40-40-1,99.95
PO-CF-B1-9-40-5,98.95
PO-115A-B1-25-40-4,98.95
PO-135G-B2-600-40-5,97.95
PO-115A-A3-2000-40-4,97.95
PO-115A-A4-2500-40-5,97.95
PO-115A-B2-400-40-4,97.95
PO-135G-A2-850-40-3,97.95
PO-115A-B1-15-40-1,97.95
PO-CF-ABRI-3-40-5,97.95
PO-CF-A2-25-40-5,97.95
PO-115A-A0-20-40-2,96.95
PO-135G-A2-950-40-5,96.95
PO-CF-A3-35-40-2,96.95
PO-135G-A4-4000-40-2,96.95
PO-135G-A3-300-40-0,96.95
PO-135G-B1-35-40-4,96.95
PO-135G-B1-35-40-2,96.95
PO-115A-A1-35-40-1,96.95
PO-135G-B2-550-40-5,95.95
PO-115A-B2-300-40-2,95.95
PO-CF-A3-40-40-3,95.95
PO-CF-B2-15-40-3,94.95
PO-CF-A0-6-40-5,94.95
PO-115A-B1-20-40-2,94.95
PO-CF-A1-9-40-2,94.95
PO-135G-B2-450-40-2,93.95
PO-115A-ABRI-5-40-1,93.95
PO-115A-A2-750-40-4,93.95
PO-115A-A1-30-40-1,93.95
PO-115A-ABRI-6-40-4,92.95
PO-135G-A2-700-40-3,92.95
PO-135G-ABRI-6-40-4,92.95
PO-115A-B2-200-40-1,91.95
PO-115A-A4-2000-40-3,91.95
PO-115A-B2-350-40-4,91.95
PO-115A-A2-700-40-5,91.95
PO-115A-A2-600-40-3,91.95
PO-135G-A4-4500-40-4,91.95
PO-CF-A0-5-40-3,90.95
PO-CF-B1-6-40-2,90.95
PO-115A-B2-250-40-2,89.95
PO-CF-B1-7-40-3,89.95
PO-CF-B1-8-40-5,89.95
PO-115A-A2-650-40-5,89.95
PO-CF-ABRI-2-40-2,89.95
PO-135G-A4-750-40-0,88.95
PO-135G-B2-350-40-2,88.95
PO-CF-A3-30-40-2,88.95
PO-115A-A1-25-40-1,88.95
PO-135G-A4-500-40-0,87.95
PO-115A-A3-1500-40-2,87.95
PO-CF-A1-8-40-2,87.95
PO-135G-A4-450-40-0,86.95
PO-115A-A4-1000-40-2,86.95
PO-CF-A3-35-40-3,86.95
PO-135G-A4-3500-40-2,86.95
PO-115A-A1-40-40-2,86.95
PO-115A-A3-950-40-2,85.95
PO-115A-B2-300-40-4,85.95
PO-115A-A2-550-40-3,85.95
PO-115A-A2-550-40-5,85.95
PO-CF-A3-40-40-5,85.95
PO-135G-A4-400-40-0,84.95
PO-CF-B2-15-40-5,84.95
PO-115A-B1-20-40-4,84.95
PO-CF-A1-9-40-3,84.95
PO-135G-A4-350-40-0,83.95
PO-135G-B2-450-40-4,83.95
PO-115A-A3-900-40-2,83.95
PO-CF-A2-15-40-2,83.95
PO-135G-B1-30-40-2,83.95
PO-135G-B1-30-40-4,83.95
PO-135G-A4-300-40-0,82.95
PO-115A-A3-850-40-2,82.95
PO-115A-B2-250-40-4,82.95
PO-115A-A0-9-40-1,82.95
PO-115A-A1-20-40-1,82.95
PO-135G-A4-250-40-0,81.95
PO-115A-A3-800-40-2,81.95
PO-115A-A3-1500-40-4,81.95
PO-115A-A4-2000-40-5,81.95
PO-135G-A1-40-40-1,81.95
PO-135G-A3-250-40-0,81.95
PO-CF-B2-10-40-2,80.95
PO-115A-A4-750-40-2,80.95
PO-115A-ABRI-4-40-1,80.95
PO-115A-A0-10-40-2,80.95
PO-135G-ABRI-4-40-1,80.95
PO-CF-B1-5-40-2,80.95
PO-CF-B1-6-40-3,80.95
PO-135G-A4-3500-40-4,80.95
PO-135G-A3-200-40-0,80.95
PO-CF-A1-7-40-2,80.95
PO-115A-A0-15-40-4,79.95
PO-CF-B1-7-40-5,79.95
PO-115A-A2-500-40-2,79.95
PO-135G-A1-40-40-4,79.95
PO-135G-A1-40-40-2,79.95
PO-115A-A1-40-40-4,79.95
PO-115A-A3-1250-40-2,78.95
PO-115A-ABRI-5-40-4,78.95
PO-115A-B2-200-40-2,78.95
PO-115A-A2-450-40-2,78.95
PO-CF-A3-30-40-3,78.95
PO-115A-A1-35-40-2,78.95
PO-115A-B2-150-40-1,77.95
PO-115A-B2-40-40-1,77.95
PO-115A-B2-40-40-2,77.95
PO-115A-B2-40-40-4,77.95
PO-CF-A0-4-40-3,77.95
PO-115A-A3-700-40-2,76.95
PO-115A-B2-200-40-4,76.95
PO-115A-A0-8-40-1,76.95
PO-135G-A3-950-40-2,76.95
PO-135G-A0-9-40-2,76.95
PO-CF-A3-35-40-5,76.95
PO-135G-A4-3000-40-2,76.95
PO-135G-A1-35-40-1,76.95
PO-CF-B2-9-40-2,75.95
PO-115A-A3-650-40-2,75.95
PO-115A-A0-9-40-2,75.95
PO-135G-A3-900-40-2,75.95
PO-135G-A4-3000-40-4,75.95
PO-115A-A3-450-40-1,75.95
PO-115A-A3-600-40-2,74.95
PO-115A-A4-500-40-2,74.95
PO-115A-A2-450-40-4,74.95
PO-115A-A2-350-40-2,74.95
PO-135G-A3-850-40-2,74.95
PO-115A-B1-15-40-2,74.95
PO-CF-A3-25-40-2,74.95
PO-CF-A1-9-40-5,74.95
PO-115A-A3-550-40-2,73.95
PO-115A-A4-1000-40-3,73.95
PO-135G-B2-175-40-1,73.95
PO-115A-A3-1250-40-4,72.95
PO-115A-ABRI-4-40-2,72.95
PO-115A-B2-150-40-2,72.95
PO-115A-A2-400-40-4,72.95
PO-135G-A1-30-40-1,72.95
PO-135G-A4-200-40-0,71.95
PO-CF-B2-10-40-3,70.95
PO-115A-A0-7-40-1,70.95
PO-CF-B1-6-40-5,70.95
PO-CF-B1-5-40-3,70.95
PO-135G-A3-700-40-2,70.95
PO-115A-A2-150-40-1,70.95
PO-115A-A3-400-40-1,70.95
PO-135G-A1-35-40-2,70.95
PO-135G-A1-35-40-4,70.95
PO-CF-A1-7-40-3,70.95
PO-115A-A1-35-40-4,70.95
PO-115A-A1-30-40-2,70.95
PO-CF-B2-8-40-2,69.95
PO-115A-B2-35-40-1,69.95
PO-115A-B2-35-40-2,69.95
PO-115A-B2-35-40-4,69.95
PO-115A-A0-8-40-2,69.95
PO-115A-A3-350-40-1,69.95
PO-115A-A3-1000-40-2,68.95
PO-115A-A4-250-40-2,68.95
PO-135G-A0-9-40-4,68.95
PO-CF-A3-30-40-5,68.95
PO-115A-A3-950-40-3,67.95
PO-115A-A4-750-40-3,67.95
PO-115A-A0-9-40-4,67.95
PO-115A-B1-10-40-1,67.95
PO-CF-A1-8-40-5,67.95
PO-115A-A3-900-40-3,66.95
PO-CF-A3-20-40-2,66.95
PO-135G-A4-950-40-2,66.95
PO-CF-A1-5-40-2,66.95
PO-CF-B2-9-40-3,65.95
PO-CF-B2-7-40-2,65.95
PO-115A-ABRI-3-40-1,65.95
PO-115A-ABRI-4-40-4,65.95
PO-135G-A4-900-40-2,65.95
PO-135G-B2-175-40-2,65.95
PO-135G-A4-150-40-0,64.95
PO-115A-A3-850-40-3,64.95
PO-115A-B1-15-40-4,64.95
PO-135G-A0-7-40-2,64.95
PO-135G-A4-850-40-2,64.95
PO-135G-A1-30-40-2,64.95
PO-115A-A4-1000-40-5,63.95
PO-115A-A0-7-40-2,63.95
PO-115A-B1-9-40-1,63.95
PO-135G-A4-800-40-2,63.95
PO-135G-B1-9-40-1,63.95
PO-135G-A1-30-40-4,62.95
PO-CF-A2-9-40-2,62.95
PO-CF-A1-6-40-3,62.95
PO-115A-A1-30-40-4,62.95
PO-115A-A3-750-40-2,61.95
PO-115A-A3-950-40-5,61.95
PO-115A-A4-500-40-3,61.95
PO-115A-B2-30-40-4,61.95
PO-115A-B2-30-40-2,61.95
PO-115A-B2-30-40-1,61.95
PO-135G-A4-700-40-2,61.95
PO-CF-B2-10-40-5,60.95
PO-115A-A3-900-40-5,60.95
PO-135G-A3-950-40-3,60.95
PO-115A-B1-10-40-2,60.95
PO-135G-A4-650-40-2,60.95
PO-135G-A4-100-40-0,59.95
PO-CF-B2-8-40-3,59.95
PO-CF-B2-6-40-2,59.95
PO-115A-A3-850-40-5,59.95
PO-115A-A3-700-40-3,59.95
PO-CF-B1-4-40-3,59.95
PO-CF-B1-3-40-2,59.95
PO-135G-A3-900-40-3,59.95
PO-115A-B1-8-40-1,59.95
PO-135G-A4-600-40-2,59.95
PO-115A-A2-40-40-2,58.95
PO-115A-A2-40-40-1,58.95
PO-115A-A2-40-40-4,58.95
PO-115A-A3-800-40-5,58.95
PO-115A-ABRI-3-40-2,58.95
PO-135G-A2-175-40-1,58.95
PO-135G-A3-850-40-3,58.95
PO-135G-A4-550-40-2,58.95
PO-135G-B2-175-40-4,58.95
PO-CF-A2-8-40-2,58.95
PO-115A-A4-750-40-5,57.95
PO-115A-A0-5-40-1,57.95
PO-135G-A3-800-40-3,57.95
PO-115A-A3-650-40-3,56.95
PO-115A-A0-6-40-2,56.95
PO-135G-A4-450-40-1,56.95
PO-115A-B1-9-40-2,56.95
PO-135G-B1-9-40-2,56.95
PO-115A-A2-35-40-1,55.95
PO-115A-B2-100-40-2,55.95
PO-CF-B2-9-40-5,55.95
PO-CF-B2-7-40-3,55.95
PO-115A-A4-250-40-3,55.95
PO-115A-A0-7-40-4,55.95
PO-115A-B1-7-40-1,55.95
PO-135G-B1-7-40-1,55.95
PO-115A-A1-15-40-2,55.95
PO-115A-A2-30-40-1,54.95
PO-CF-B2-5-40-2,54.95
PO-135G-A3-950-40-5,54.95
PO-135G-A3-900-40-5,54.95
PO-CF-A3-25-40-5,54.95
PO-CF-A2-7-40-2,54.95
PO-115A-A3-600-40-3,53.95
PO-115A-A3-700-40-5,53.95
PO-135G-A3-850-40-5,53.95
PO-115A-A1-10-40-1,53.95
PO-135G-A4-50-40-0,52.95
PO-115A-A2-35-40-2,52.95
PO-115A-A2-35-40-4,52.95
PO-135G-A3-175-40-1,52.95
PO-115A-A3-550-40-3,52.95
PO-115A-A3-650-40-5,52.95
PO-115A-A2-25-40-1,52.95
PO-115A-B1-10-40-4,52.95
PO-115A-B1-8-40-2,52.95
PO-135G-A3-25-40-0,52.95
PO-CF-A2-9-40-3,52.95
PO-115A-A3-600-40-5,51.95
PO-115A-A3-500-40-2,51.95
PO-115A-A4-500-40-5,51.95
PO-115A-B1-6-40-1,51.95
PO-115A-A3-150-40-1,51.95
PO-135G-A3-20-40-0,51.95
PO-CF-A2-6-40-2,51.95
PO-CF-A1-3-40-2,51.95
PO-115A-A1-9-40-1,51.95
PO-115A-A3-450-40-2,50.95
PO-115A-ABRI-2-40-1,50.95
PO-115A-ABRI-3-40-4,50.95
PO-135G-A3-15-40-0,50.95
PO-135G-A4-25-40-0,49.95
PO-CF-B2-4-40-2,49.95
PO-CF-B2-6-40-3,49.95
PO-115A-A3-550-40-5,49.95
PO-115A-A0-6-40-4,49.95
PO-CF-B1-3-40-3,49.95
PO-135G-A4-1250-40-2,49.95
PO-115A-A1-8-40-1,49.95
PO-135G-A3-10-40-0,49.45
PO-135G-A4-20-40-0,48.95
PO-115A-A3-350-40-2,48.95
PO-115A-B1-9-40-4,48.95
PO-135G-A4-1250-40-4,48.95
PO-135G-A3-9-40-0,48.95
PO-115A-A3-40-40-4,48.95
PO-115A-A3-40-40-2,48.95
PO-115A-A3-40-40-1,48.95
PO-135G-A4-15-40-0,48.45
PO-115A-A2-30-40-2,48.45
PO-115A-A3-300-40-2,48.45
PO-135G-A2-175-40-2,48.45
PO-115A-B1-7-40-2,48.45
PO-135G-A3-8-40-0,48.45
PO-CF-A2-8-40-3,48.45
PO-135G-A4-10-40-0,47.95
PO-135G-A3-7-40-0,47.95
PO-135G-A4-9-40-0,47.45
PO-CF-A3-10-40-2,47.45
PO-135G-A3-6-40-0,47.45
PO-CF-A2-5-40-2,47.45
PO-115A-A1-10-40-2,47.45
PO-115A-A1-7-40-1,47.45
PO-135G-A4-8-40-0,46.95
PO-115A-A2-30-40-4,46.95
PO-135G-A3-5-40-0,46.95
PO-135G-A4-7-40-0,46.45
PO-115A-A4-250-40-5,46.45
PO-CF-A3-15-40-3,46.45
PO-135G-A3-4-40-0,46.45
PO-135G-A4-6-40-0,45.95
PO-135G-A3-3-40-0,45.95
PO-135G-A4-5-40-0,45.45
PO-CF-B2-7-40-5,45.45
PO-135G-A4-175-40-1,45.45
PO-135G-A3-550-40-5,45.45
PO-115A-B1-8-40-4,45.45
PO-CF-A3-9-40-2,45.45
PO-135G-A3-450-40-2,45.45
PO-135G-A3-2-40-0,45.45
PO-115A-A1-9-40-2,45.45
PO-135G-A4-4-40-0,44.95
PO-CF-B2-5-40-3,44.95
PO-115A-A3-450-40-4,44.95
PO-135G-A4-950-40-3,44.95
PO-135G-A4-950-40-5,44.95
PO-135G-A3-1-40-0,44.95
PO-135G-A4-3-40-0,44.45
PO-CF-B2-3-40-2,44.45
PO-135G-A2-175-40-4,44.45
PO-115A-B1-6-40-2,44.45
PO-CF-A2-7-40-3,44.45
PO-115A-A1-6-40-1,44.45
PO-135G-A4-2-40-0,43.95
PO-115A-A3-200-40-2,43.95
PO-CF-A3-8-40-2,43.95
PO-115A-A3-35-40-4,43.95
PO-115A-A3-35-40-2,43.95
PO-115A-A3-35-40-1,43.95
PO-135G-A4-1-40-0,43.45
PO-115A-A3-400-40-4,43.45
PO-115A-A0-5-40-4,43.45
PO-135G-A4-850-40-5,43.45
PO-135G-A4-850-40-3,43.45
PO-115A-A3-350-40-4,42.95
PO-135G-A4-800-40-3,42.95
PO-115A-A3-150-40-2,42.45
PO-135G-A4-800-40-5,42.45
PO-CF-A2-9-40-5,42.45
PO-115A-A1-8-40-2,42.45
PO-CF-A3-7-40-2,41.95
PO-115A-A4-100-40-5,41.45
PO-115A-A4-100-40-3,41.45
PO-115A-A4-100-40-2,41.45
PO-115A-B1-7-40-4,41.45
PO-135G-A4-700-40-3,41.45
PO-CF-A2-6-40-3,41.45
PO-135G-A4-700-40-5,40.95
PO-135G-A4-650-40-3,40.45
PO-115A-A1-7-40-2,40.45
PO-CF-B2-4-40-3,39.95
PO-CF-B2-6-40-5,39.95
PO-CF-B1-3-40-5,39.95
PO-CF-A3-6-40-2,39.95
PO-135G-A4-650-40-5,39.95
PO-135G-B2-40-40-1,39.95
PO-CF-A2-3-40-2,39.95
PO-115A-A3-30-40-4,39.95
PO-135G-A4-600-40-5,39.45
PO-115A-A3-30-40-2,39.45
PO-CF-B2-2-40-2,38.95
PO-CF-B1-1-40-2,38.95
PO-135G-A4-550-40-3,38.95
PO-CF-A2-8-40-5,38.45
PO-115A-A1-4-40-1,38.45
PO-115A-B2-50-40-2,37.95
PO-CF-A3-5-40-2,37.95
PO-135G-A4-450-40-2,37.95
PO-135G-B2-35-40-1,37.95
PO-115A-A0-3-40-2,37.45
PO-115A-B1-6-40-4,37.45
PO-115A-B1-3-40-1,37.45
PO-CF-A2-5-40-3,37.45
PO-115A-A1-9-40-4,37.45
PO-115A-A1-6-40-2,37.45
PO-135G-A4-350-40-2,36.95
PO-135G-A3-175-40-2,36.95
PO-115A-A0-2-40-1,36.45
PO-CF-A3-15-40-5,36.45
PO-115A-B1-4-40-2,35.45
PO-CF-A3-9-40-3,35.45
PO-115A-A1-8-40-4,35.45
PO-115A-B2-20-40-1,34.95
PO-135G-A3-40-40-1,34.95
PO-CF-B2-3-40-3,34.45
PO-115A-A2-9-40-1,34.45
PO-135G-A4-175-40-2,34.45
PO-115A-A1-5-40-2,34.45
PO-115A-A1-3-40-1,34.45
PO-115A-A2-15-40-2,33.95
PO-CF-A3-3-40-2,33.95
PO-CF-A3-8-40-3,33.95
PO-115A-B2-15-40-1,33.45
PO-CF-B2-1-40-2,33.45
PO-135G-A2-40-40-2,33.45
PO-115A-A2-8-40-1,33.45
PO-135G-A3-175-40-4,33.45
PO-135G-B2-40-40-2,32.45
PO-115A-A1-7-40-4,32.45
PO-115A-A2-7-40-1,31.95
PO-CF-A3-2-40-2,31.95
PO-CF-A3-7-40-3,31.95
PO-135G-A4-750-40-4,31.95
PO-115A-B2-10-40-1,31.45
PO-CF-A2-6-40-5,31.45
PO-135G-A4-40-40-1,31.45
PO-115A-B2-9-40-1,30.95
PO-115A-A2-6-40-1,30.95
PO-115A-B2-8-40-1,30.45
PO-135G-B2-35-40-2,30.45
PO-135G-A4-35-40-1,30.45
PO-115A-B2-7-40-1,29.95
PO-CF-A3-6-40-3,29.95
PO-115A-B2-6-40-1,29.45
PO-115A-B1-3-40-2,29.45
PO-135G-A4-30-40-1,29.45
PO-115A-A1-6-40-4,29.45
PO-115A-B2-5-40-1,28.95
PO-115A-A3-15-40-1,28.95
PO-135G-B2-9-40-1,28.95
PO-135G-B2-30-40-2,28.95
PO-115A-B2-4-40-1,28.45
PO-115A-ABRI-1-40-2,28.45
PO-135G-A4-40-40-2,28.45
PO-135G-B2-8-40-1,28.45
PO-135G-A3-40-40-2,28.45
PO-115A-B2-20-40-2,27.95
PO-115A-B2-3-40-1,27.95
PO-115A-A2-10-40-2,27.95
PO-CF-A3-5-40-3,27.95
PO-115A-A2-4-40-1,27.45
PO-115A-B1-4-40-4,27.45
PO-115A-A3-10-40-1,27.45
PO-115A-A2-9-40-2,26.95
PO-115A-A3-9-40-1,26.95
PO-135G-B2-25-40-2,26.95
PO-135G-A3-35-40-2,26.95
PO-115A-A2-3-40-1,26.45
PO-115A-A3-8-40-1,26.45
PO-115A-A1-3-40-2,26.45
PO-115A-B2-15-40-2,25.95
PO-115A-A2-8-40-2,25.95
PO-115A-A3-7-40-1,25.95
PO-CF-A3-4-40-3,25.95
PO-135G-A4-35-40-2,25.95
PO-135G-A4-9-40-1,25.95
PO-115A-A2-2-40-1,25.45
PO-135G-A2-35-40-4,25.45
PO-115A-A3-6-40-1,25.45
PO-CF-A3-9-40-5,25.45
PO-135G-A4-175-40-4,24.95
PO-135G-B2-40-40-4,24.95
PO-CF-B2-3-40-5,24.45
PO-115A-A2-7-40-2,24.45
PO-115A-B1-2-40-2,24.45
PO-115A-A3-5-40-1,24.45
PO-115A-B2-10-40-2,23.95
PO-CF-A3-8-40-5,23.95
PO-115A-A2-1-40-1,23.45
PO-115A-B2-9-40-2,23.45
PO-CF-B2-1-40-3,23.45
PO-115A-B2-1-40-1,23.45
PO-115A-A3-4-40-1,23.45
PO-115A-B2-8-40-2,22.95
PO-135G-B2-35-40-4,22.95
PO-115A-B2-7-40-2,22.45
PO-135G-A2-7-40-2,22.45
PO-115A-B1-3-40-4,22.45
PO-115A-A3-3-40-1,22.45
PO-115A-A1-2-40-2,22.45
PO-115A-B2-6-40-2,21.95
PO-115A-A2-5-40-2,21.95
PO-CF-A3-7-40-5,21.95
PO-CF-A2-1-40-3,21.95
PO-115A-A3-15-40-2,21.45
PO-135G-B2-9-40-2,21.45
PO-135G-A3-40-40-4,21.45
PO-115A-A3-2-40-1,21.45
PO-135G-B2-30-40-4,21.45
PO-115A-B2-4-40-2,20.95
PO-135G-B2-8-40-2,20.95
PO-115A-B2-3-40-2,20.45
PO-115A-ABRI-1-40-4,20.45
PO-135G-B2-7-40-2,20.45
PO-115A-A2-4-40-2,19.95
PO-115A-A3-10-40-2,19.95
PO-115A-A2-9-40-4,19.45
PO-115A-A3-9-40-2,19.45
PO-115A-A3-8-40-2,19.25
PO-115A-A2-2-40-2,18.75
PO-115A-B2-15-40-4,18.75
PO-115A-B1-1-40-2,18.75
PO-115A-A3-7-40-2,18.75
PO-135G-A4-9-40-2,18.75
PO-115A-A3-6-40-2,18.45
PO-115A-A2-8-40-4,18.25
PO-135G-A4-8-40-2,18.25
PO-115A-A3-5-40-2,17.95
PO-135G-A4-7-40-2,17.75
PO-115A-A2-7-40-4,17.25
PO-115A-A3-4-40-2,17.25
PO-115A-B2-9-40-4,16.45
PO-115A-B2-8-40-4,16.45
PO-115A-B2-1-40-2,16.45
PO-115A-B2-7-40-4,16.25
PO-115A-A3-3-40-2,16.25
PO-115A-B2-6-40-4,15.95
PO-115A-A2-6-40-4,15.95
PO-135G-A4-40-40-4,15.95
PO-115A-B2-5-40-4,15.75
PO-135G-A4-35-40-4,15.25
PO-115A-A3-2-40-2,15.25
PO-115A-A3-1-40-2,14.45
PO-135G-B2-7-40-4,14.25
PO-115A-B2-3-40-4,13.75
PO-115A-A2-4-40-4,12.75
PO-115A-A3-9-40-4,12.75
PO-115A-A3-8-40-4,12.45
PO-115A-A3-7-40-4,12.25
PO-115A-A3-5-40-4,11.75
PO-135G-A4-9-40-4,11.45
PO-115A-A3-4-40-4,11.25
PO-115A-A3-3-40-4,10.25
PO-115A-B2-1-40-4,9.75
PO-115A-A3-2-40-4,9.25
PO-115A-A3-1-40-4,8.45
PO-135G-ABRI-175-40-2,1267.95
PO-115A-A1-7000-40-3,1077.95
PO-135G-A2-5000-40-1,783.95
PO-135G-A2-2500-40-2,219.95
PO-115A-ABRI-20-40-2,207.95
PO-115A-ABRI-10-40-1,156.95
PO-135G-ABRI-8-40-2,124.95
PO-135G-A2-800-40-2,115.95
PO-135G-B2-800-40-5,114.95
PO-135G-A2-700-40-2,105.95
PO-CF-A0-6-40-3,104.95
PO-135G-A2-800-40-3,95.95
PO-135G-A2-650-40-5,80.95
PO-CF-B1-4-40-2,69.95
PO-135G-A3-650-40-2,69.95
PO-CF-A2-15-40-5,63.95
PO-135G-A4-2500-40-4,60.95
PO-135G-A4-2000-40-2,58.95
PO-135G-B1-7-40-4,41.45
PO-115A-ABRI-1-40-1,35.45
PO-CF-B2-5-40-5,34.95
PO-135G-B2-7-40-1,27.95
PO-115A-A0-2-40-4,21.45
PO-115A-A2-1-40-2,18.45
